InstrumentID,FromDate,Open,High,Low,Close
17,2020-02-28T20:00:00Z,45.26,45.42,44.99,45.26
17,2020-02-28T16:00:00Z,44.23,45.41,43.93,45.25
17,2020-02-28T12:00:00Z,45.81,46.09,44.2,44.22
17,2020-02-28T08:00:00Z,45.82,46.07,45.01,45.82
17,2020-02-28T04:00:00Z,45.98,46.08,45.52,45.83
17,2020-02-28T00:00:00Z,46.83,46.96,45.72,45.99
17,2020-02-27T20:00:00Z,46.94,47.17,46.1,46.86
17,2020-02-27T16:00:00Z,46.74,47.77,46.38,46.94
17,2020-02-27T12:00:00Z,47.51,47.66,45.91,46.75
17,2020-02-27T08:00:00Z,48.01,48.41,47.5,47.51
17,2020-02-27T04:00:00Z,48.1,48.25,47.84,48.02
17,2020-02-27T00:00:00Z,48.41,48.54,47.84,48.11
17,2020-02-26T20:00:00Z,48.67,48.9,48.25,48.4
17,2020-02-26T16:00:00Z,50.06,50.18,48.33,48.65
17,2020-02-26T12:00:00Z,49.3,50.46,49.06,50.06
17,2020-02-26T08:00:00Z,49.83,49.92,49.0,49.3
17,2020-02-26T04:00:00Z,50.28,50.35,49.58,49.84
17,2020-02-26T00:00:00Z,50.2,50.42,50.04,50.27
17,2020-02-25T20:00:00Z,49.83,50.25,49.77,50.19
17,2020-02-25T16:00:00Z,50.66,50.81,49.75,49.82
17,2020-02-25T12:00:00Z,51.35,51.77,50.42,50.69
17,2020-02-25T08:00:00Z,51.85,51.91,51.08,51.35
17,2020-02-25T04:00:00Z,51.56,52.05,51.51,51.86
17,2020-02-25T00:00:00Z,51.45,51.8,51.43,51.59
17,2020-02-24T20:00:00Z,51.57,51.66,51.16,51.46
17,2020-02-24T16:00:00Z,51.08,51.63,50.45,51.59
17,2020-02-24T12:00:00Z,51.29,51.45,50.76,51.08
17,2020-02-24T08:00:00Z,51.88,51.89,51.25,51.29
17,2020-02-24T04:00:00Z,52.09,52.3,51.87,51.89
17,2020-02-24T00:00:00Z,52.08,52.15,51.76,52.07
17,2020-02-23T20:00:00Z,52.59,52.62,51.69,52.09
17,2020-02-21T20:00:00Z,53.4,53.45,53.3,53.31
17,2020-02-21T16:00:00Z,52.87,53.57,52.81,53.41
17,2020-02-21T12:00:00Z,52.84,53.27,52.56,52.88
17,2020-02-21T08:00:00Z,53.38,53.57,52.68,52.83
17,2020-02-21T04:00:00Z,53.6,53.61,53.3,53.35
17,2020-02-21T00:00:00Z,53.44,53.82,53.44,53.61
17,2020-02-20T20:00:00Z,53.88,53.99,53.39,53.48
17,2020-02-20T16:00:00Z,54.41,54.61,53.78,53.83
17,2020-02-20T12:00:00Z,53.62,54.49,53.6,54.41
17,2020-02-20T08:00:00Z,53.8,53.83,53.44,53.63
17,2020-02-20T04:00:00Z,53.56,53.88,53.56,53.8
17,2020-02-20T00:00:00Z,53.76,54.09,53.53,53.56
17,2020-02-19T20:00:00Z,53.64,53.78,53.38,53.77
17,2020-02-19T16:00:00Z,53.19,53.69,53.12,53.65
17,2020-02-19T12:00:00Z,53.06,53.25,52.72,53.2
17,2020-02-19T08:00:00Z,52.82,53.16,52.62,53.07
17,2020-02-19T04:00:00Z,52.81,52.88,52.62,52.81
17,2020-02-19T00:00:00Z,52.37,52.86,52.12,52.79
17,2020-02-18T20:00:00Z,52.21,52.42,52.19,52.36
17,2020-02-18T16:00:00Z,51.89,52.35,51.45,52.23
17,2020-02-18T12:00:00Z,51.37,52.1,51.13,51.9
17,2020-02-18T08:00:00Z,51.64,51.69,51.34,51.36
17,2020-02-18T04:00:00Z,51.93,52.0,51.6,51.63
17,2020-02-18T00:00:00Z,52.19,52.24,51.79,51.91
17,2020-02-17T20:00:00Z,52.37,52.4,52.11,52.18
17,2020-02-17T16:00:00Z,52.29,52.56,52.24,52.55
17,2020-02-17T12:00:00Z,52.31,52.39,52.13,52.3
17,2020-02-17T08:00:00Z,52.31,52.43,52.25,52.31
17,2020-02-17T04:00:00Z,52.25,52.45,52.2,52.31
17,2020-02-17T00:00:00Z,52.33,52.34,52.03,52.25
17,2020-02-16T20:00:00Z,52.38,52.59,52.29,52.34
17,2020-02-14T20:00:00Z,52.24,52.33,52.18,52.27
17,2020-02-14T16:00:00Z,52.08,52.28,51.79,52.23
17,2020-02-14T12:00:00Z,52.32,52.48,51.98,52.08
17,2020-02-14T08:00:00Z,51.71,52.5,51.58,52.33
17,2020-02-14T04:00:00Z,51.6,51.76,51.58,51.71
17,2020-02-14T00:00:00Z,51.6,51.8,51.5,51.61
17,2020-02-13T20:00:00Z,51.71,51.84,51.55,51.61
17,2020-02-13T16:00:00Z,51.53,52.05,51.36,51.71
17,2020-02-13T12:00:00Z,51.12,51.92,50.91,51.53
17,2020-02-13T08:00:00Z,51.13,51.22,50.79,51.13
17,2020-02-13T04:00:00Z,51.47,51.56,51.1,51.13
17,2020-02-13T00:00:00Z,51.66,51.75,51.08,51.47
17,2020-02-12T20:00:00Z,51.52,52.14,51.51,51.66
17,2020-02-12T16:00:00Z,51.43,51.61,51.16,51.5
17,2020-02-12T12:00:00Z,50.89,51.84,50.81,51.45
17,2020-02-12T08:00:00Z,50.91,51.06,50.75,50.91
17,2020-02-12T04:00:00Z,50.76,50.91,50.62,50.91
17,2020-02-12T00:00:00Z,50.28,50.93,50.22,50.75
17,2020-02-11T20:00:00Z,50.02,50.32,49.86,50.27
17,2020-02-11T16:00:00Z,50.59,50.67,49.99,50.01
17,2020-02-11T12:00:00Z,50.59,50.78,50.41,50.56
17,2020-02-11T08:00:00Z,50.15,50.7,50.09,50.59
17,2020-02-11T04:00:00Z,50.27,50.44,50.08,50.12
17,2020-02-11T00:00:00Z,49.95,50.4,49.92,50.28
17,2020-02-10T20:00:00Z,49.79,49.97,49.67,49.95
17,2020-02-10T16:00:00Z,50.23,50.36,49.6,49.77
17,2020-02-10T12:00:00Z,50.34,50.51,49.89,50.24
17,2020-02-10T08:00:00Z,50.28,50.4,50.06,50.36
17,2020-02-10T04:00:00Z,50.33,50.6,50.25,50.28
17,2020-02-10T00:00:00Z,49.91,50.59,49.88,50.34
17,2020-02-09T20:00:00Z,50.1,50.33,49.69,49.9
17,2020-02-07T20:00:00Z,50.48,50.61,50.46,50.53
17,2020-02-07T16:00:00Z,50.8,51.13,50.42,50.48
17,2020-02-07T12:00:00Z,50.79,50.87,50.23,50.8
17,2020-02-07T08:00:00Z,51.08,51.44,50.59,50.78
17,2020-02-07T04:00:00Z,51.28,51.39,50.98,51.1
17,2020-02-07T00:00:00Z,51.55,51.56,51.21,51.29
17,2020-02-06T20:00:00Z,51.04,51.59,51.04,51.52
17,2020-02-06T16:00:00Z,50.78,51.36,50.73,51.04
17,2020-02-06T12:00:00Z,51.36,51.49,50.35,50.77
17,2020-02-06T08:00:00Z,51.96,52.2,50.94,51.36
17,2020-02-06T04:00:00Z,51.86,52.26,51.77,51.96
17,2020-02-06T00:00:00Z,51.29,52.26,51.11,51.86
17,2020-02-05T20:00:00Z,51.06,51.44,51.05,51.3
17,2020-02-05T16:00:00Z,51.51,51.91,50.52,51.07
17,2020-02-05T12:00:00Z,50.86,51.84,50.79,51.51
17,2020-02-05T08:00:00Z,49.88,51.24,49.83,50.86
17,2020-02-05T04:00:00Z,50.16,50.3,49.79,49.9
17,2020-02-05T00:00:00Z,49.7,50.34,49.7,50.16
17,2020-02-04T20:00:00Z,49.85,50.08,49.44,49.69
17,2020-02-04T16:00:00Z,50.52,50.9,49.63,49.86
17,2020-02-04T12:00:00Z,50.84,51.59,50.29,50.53
17,2020-02-04T08:00:00Z,50.59,51.38,50.53,50.84
17,2020-02-04T04:00:00Z,50.57,50.81,50.46,50.58
17,2020-02-04T00:00:00Z,49.99,50.65,49.91,50.58
17,2020-02-03T20:00:00Z,50.12,50.23,49.72,49.95
17,2020-02-03T16:00:00Z,51.11,51.14,50.01,50.12
17,2020-02-03T12:00:00Z,51.75,51.85,50.92,51.1
17,2020-02-03T08:00:00Z,51.64,52.0,51.33,51.76
17,2020-02-03T04:00:00Z,51.49,51.93,51.34,51.64
17,2020-02-03T00:00:00Z,51.09,51.61,50.62,51.47
17,2020-02-02T20:00:00Z,51.13,51.33,50.99,51.1
17,2020-01-31T20:00:00Z,51.59,51.7,51.38,51.62
17,2020-01-31T16:00:00Z,51.57,52.3,51.04,51.59
17,2020-01-31T12:00:00Z,52.37,52.74,51.48,51.55
17,2020-01-31T08:00:00Z,52.82,52.98,52.19,52.35
17,2020-01-31T04:00:00Z,53.27,53.31,52.79,52.83
17,2020-01-31T00:00:00Z,52.88,53.38,52.78,53.29
17,2020-01-30T20:00:00Z,52.42,53.01,52.41,52.89
17,2020-01-30T16:00:00Z,52.15,52.66,51.68,52.42
17,2020-01-30T12:00:00Z,52.19,52.71,51.98,52.14
17,2020-01-30T08:00:00Z,52.42,52.71,51.95,52.19
17,2020-01-30T04:00:00Z,52.81,52.89,52.37,52.42
17,2020-01-30T00:00:00Z,53.13,53.2,52.75,52.8
17,2020-01-29T20:00:00Z,53.26,53.26,53.07,53.13
17,2020-01-29T16:00:00Z,53.33,53.56,53.05,53.25
17,2020-01-29T12:00:00Z,53.89,54.35,52.84,53.32
17,2020-01-29T08:00:00Z,54.03,54.18,53.77,53.88
17,2020-01-29T04:00:00Z,54.23,54.25,53.93,54.02
17,2020-01-29T00:00:00Z,53.77,54.23,53.66,54.23
17,2020-01-28T20:00:00Z,53.43,54.06,53.42,53.76
17,2020-01-28T16:00:00Z,53.83,53.84,53.23,53.44
17,2020-01-28T12:00:00Z,53.04,53.88,52.96,53.84
17,2020-01-28T08:00:00Z,53.09,53.23,52.67,53.04
17,2020-01-28T04:00:00Z,52.87,53.22,52.84,53.1
17,2020-01-28T00:00:00Z,52.94,53.09,52.78,52.88
17,2020-01-27T20:00:00Z,53.02,53.03,52.7,52.95
17,2020-01-27T16:00:00Z,52.72,53.2,52.47,53.02
17,2020-01-27T12:00:00Z,52.59,53.53,52.36,52.71
17,2020-01-27T08:00:00Z,52.88,53.12,52.14,52.6
17,2020-01-27T04:00:00Z,52.95,53.09,52.8,52.88
17,2020-01-27T00:00:00Z,52.59,53.13,52.47,52.96
17,2020-01-26T20:00:00Z,53.46,53.47,52.18,52.58
17,2020-01-24T20:00:00Z,54.23,54.38,54.17,54.38
17,2020-01-24T16:00:00Z,54.15,54.35,53.86,54.2
17,2020-01-24T12:00:00Z,55.4,55.54,54.13,54.15
17,2020-01-24T08:00:00Z,55.83,55.85,55.23,55.41
17,2020-01-24T04:00:00Z,55.61,55.93,55.6,55.83
17,2020-01-24T00:00:00Z,55.66,55.7,55.44,55.61
17,2020-01-23T20:00:00Z,55.52,55.83,55.42,55.64
17,2020-01-23T16:00:00Z,54.96,55.79,54.85,55.52
17,2020-01-23T12:00:00Z,55.76,55.9,54.78,54.97
17,2020-01-23T08:00:00Z,55.8,56.03,55.72,55.76
17,2020-01-23T04:00:00Z,55.86,55.94,55.56,55.81
17,2020-01-23T00:00:00Z,56.11,56.16,55.64,55.86
17,2020-01-22T20:00:00Z,56.74,56.78,56.05,56.12
17,2020-01-22T16:00:00Z,57.17,57.17,56.54,56.74
17,2020-01-22T12:00:00Z,57.96,58.13,56.74,57.17
17,2020-01-22T08:00:00Z,57.97,58.1,57.82,57.96
17,2020-01-22T04:00:00Z,58.08,58.16,57.92,57.95
17,2020-01-22T00:00:00Z,58.27,58.38,58.01,58.08
17,2020-01-21T20:00:00Z,58.27,58.34,58.17,58.28
17,2020-01-21T16:00:00Z,58.43,58.75,58.23,58.28
17,2020-01-21T12:00:00Z,57.74,58.6,57.66,58.43
17,2020-01-21T08:00:00Z,58.1,58.19,57.7,57.77
17,2020-01-21T04:00:00Z,58.42,58.45,58.04,58.12
17,2020-01-21T00:00:00Z,58.69,58.82,58.33,58.43
17,2020-01-20T20:00:00Z,58.84,58.84,58.68,58.7
17,2020-01-20T16:00:00Z,58.73,58.87,58.57,58.66
17,2020-01-20T12:00:00Z,58.89,59.01,58.61,58.71
17,2020-01-20T08:00:00Z,59.07,59.15,58.67,58.9
17,2020-01-20T04:00:00Z,59.16,59.24,59.05,59.08
17,2020-01-20T00:00:00Z,59.21,59.31,59.05,59.16
17,2020-01-19T20:00:00Z,59.25,59.64,59.15,59.22
17,2020-01-17T20:00:00Z,58.64,58.74,58.58,58.7
17,2020-01-17T16:00:00Z,58.62,58.72,58.27,58.64
17,2020-01-17T12:00:00Z,58.79,58.96,58.44,58.59
17,2020-01-17T08:00:00Z,58.65,58.93,58.49,58.78
17,2020-01-17T04:00:00Z,58.51,58.68,58.39,58.66
17,2020-01-17T00:00:00Z,58.62,58.65,58.42,58.51
17,2020-01-16T20:00:00Z,58.46,58.72,58.4,58.61
17,2020-01-16T16:00:00Z,58.35,58.83,58.33,58.47
17,2020-01-16T12:00:00Z,57.85,58.59,57.59,58.35
17,2020-01-16T08:00:00Z,58.1,58.37,57.81,57.85
17,2020-01-16T04:00:00Z,58.21,58.32,58.1,58.11
17,2020-01-16T00:00:00Z,58.12,58.25,58.04,58.21
17,2020-01-15T20:00:00Z,57.94,58.16,57.94,58.11
17,2020-01-15T16:00:00Z,57.54,58.19,57.5,57.94
17,2020-01-15T12:00:00Z,58.35,58.38,57.42,57.54
17,2020-01-15T08:00:00Z,58.18,58.35,57.86,58.34
17,2020-01-15T04:00:00Z,58.09,58.2,58.04,58.18
17,2020-01-15T00:00:00Z,58.12,58.2,57.99,58.08
17,2020-01-14T20:00:00Z,58.38,58.48,58.09,58.09
17,2020-01-14T16:00:00Z,58.28,58.62,58.16,58.38
17,2020-01-14T12:00:00Z,58.52,58.7,58.15,58.28
17,2020-01-14T08:00:00Z,58.02,58.52,57.73,58.52
17,2020-01-14T04:00:00Z,58.12,58.19,57.97,58.02
17,2020-01-14T00:00:00Z,58.08,58.29,58.02,58.11
17,2020-01-13T20:00:00Z,58.01,58.16,57.93,58.09
17,2020-01-13T16:00:00Z,58.3,58.5,57.94,58.01
17,2020-01-13T12:00:00Z,58.89,59.12,58.12,58.3
17,2020-01-13T08:00:00Z,59.01,59.2,58.8,58.9
17,2020-01-13T04:00:00Z,58.99,59.18,58.9,59.02
17,2020-01-13T00:00:00Z,58.84,59.1,58.74,58.98
17,2020-01-12T20:00:00Z,58.77,58.9,58.67,58.85
17,2020-01-10T20:00:00Z,58.93,59.16,58.93,59.08
17,2020-01-10T16:00:00Z,58.92,59.43,58.91,58.93
17,2020-01-10T12:00:00Z,59.55,59.69,58.8,58.93
17,2020-01-10T08:00:00Z,59.38,59.67,59.1,59.55
17,2020-01-10T04:00:00Z,59.26,59.5,59.24,59.39
17,2020-01-10T00:00:00Z,59.41,59.5,59.23,59.29
17,2020-01-09T20:00:00Z,59.46,59.58,59.37,59.42
17,2020-01-09T16:00:00Z,59.08,59.74,58.86,59.46
17,2020-01-09T12:00:00Z,59.57,59.93,58.55,59.1
17,2020-01-09T08:00:00Z,59.62,59.99,59.36,59.57
17,2020-01-09T04:00:00Z,59.97,60.03,59.41,59.61
17,2020-01-09T00:00:00Z,59.84,60.19,59.82,59.97
17,2020-01-08T20:00:00Z,59.54,60.32,59.54,59.82
17,2020-01-08T16:00:00Z,61.32,61.41,59.02,59.56
17,2020-01-08T12:00:00Z,62.43,62.57,60.98,61.32
17,2020-01-08T08:00:00Z,63.04,63.19,62.41,62.43
17,2020-01-08T04:00:00Z,63.36,63.42,62.92,63.05
17,2020-01-08T00:00:00Z,64.7,65.42,63.07,63.35
17,2020-01-07T20:00:00Z,62.54,65.27,62.36,64.71
17,2020-01-07T16:00:00Z,62.41,62.65,62.02,62.53
17,2020-01-07T12:00:00Z,62.55,62.78,62.26,62.41
17,2020-01-07T08:00:00Z,62.74,62.99,62.48,62.56
17,2020-01-07T04:00:00Z,62.35,62.8,62.29,62.74
17,2020-01-07T00:00:00Z,62.79,62.93,62.2,62.36
17,2020-01-06T20:00:00Z,63.07,63.08,62.47,62.79
17,2020-01-06T16:00:00Z,63.06,63.24,62.65,63.09
17,2020-01-06T12:00:00Z,63.7,63.75,63.01,63.07
17,2020-01-06T08:00:00Z,63.93,64.16,63.42,63.68
17,2020-01-06T04:00:00Z,64.41,64.43,63.86,63.92
17,2020-01-06T00:00:00Z,63.65,64.54,63.55,64.41
17,2020-01-05T20:00:00Z,63.53,64.08,63.44,63.66
17,2020-01-03T20:00:00Z,62.83,62.98,62.81,62.9
17,2020-01-03T16:00:00Z,63.11,63.35,62.07,62.83
17,2020-01-03T12:00:00Z,63.45,63.5,62.98,63.11
17,2020-01-03T08:00:00Z,62.85,63.89,62.76,63.45
17,2020-01-03T04:00:00Z,62.65,63.01,62.65,62.84
17,2020-01-03T00:00:00Z,61.01,63.7,60.99,62.65
17,2020-01-02T20:00:00Z,61.0,61.06,60.95,60.99
17,2020-01-02T16:00:00Z,61.02,61.12,60.54,61.0
17,2020-01-02T12:00:00Z,61.0,61.19,60.59,61.02
17,2020-01-02T08:00:00Z,61.18,61.32,60.79,61.0
17,2020-01-02T04:00:00Z,61.08,61.18,60.98,61.18
17,2020-01-02T00:00:00Z,61.15,61.28,61.07,61.09
17,2020-01-01T20:00:00Z,61.31,61.34,61.15,61.15
17,2019-12-31T20:00:00Z,60.97,61.14,60.89,61.07
17,2019-12-31T16:00:00Z,61.2,61.71,60.86,60.97
17,2019-12-31T12:00:00Z,61.43,61.44,60.53,61.2
17,2019-12-31T08:00:00Z,61.4,61.71,61.25,61.42
17,2019-12-31T04:00:00Z,61.49,61.54,61.27,61.39
17,2019-12-31T00:00:00Z,61.51,61.56,61.41,61.49
17,2019-12-30T20:00:00Z,61.46,61.56,61.39,61.51
17,2019-12-30T16:00:00Z,61.88,61.95,60.99,61.46
17,2019-12-30T12:00:00Z,61.92,62.2,61.59,61.89
17,2019-12-30T08:00:00Z,61.63,61.91,61.54,61.9
17,2019-12-30T04:00:00Z,61.68,61.74,61.6,61.62
17,2019-12-30T00:00:00Z,61.62,61.71,61.55,61.68
17,2019-12-29T20:00:00Z,61.58,61.65,61.55,61.62
17,2019-12-27T20:00:00Z,61.63,61.68,61.54,61.64
17,2019-12-27T16:00:00Z,61.44,61.81,61.39,61.63
17,2019-12-27T12:00:00Z,61.79,61.88,61.16,61.45
17,2019-12-27T08:00:00Z,61.82,61.89,61.73,61.79
17,2019-12-27T04:00:00Z,61.75,61.82,61.65,61.82
17,2019-12-27T00:00:00Z,61.6,61.8,61.59,61.75
17,2019-12-26T20:00:00Z,61.6,61.68,61.51,61.6
17,2019-12-26T16:00:00Z,61.45,61.72,61.43,61.61
17,2019-12-26T12:00:00Z,61.19,61.66,61.0,61.47
17,2019-12-26T08:00:00Z,61.16,61.27,61.12,61.24
17,2019-12-26T04:00:00Z,61.3,61.32,61.15,61.17
17,2019-12-26T00:00:00Z,61.11,61.35,61.11,61.3
17,2019-12-25T20:00:00Z,61.26,61.31,61.11,61.12
17,2019-12-24T16:00:00Z,60.9,61.1,60.84,61.06
17,2019-12-24T12:00:00Z,60.6,60.97,60.54,60.9
17,2019-12-24T08:00:00Z,60.53,60.63,60.44,60.59
17,2019-12-24T04:00:00Z,60.44,60.59,60.43,60.53
17,2019-12-24T00:00:00Z,60.53,60.55,60.42,60.44
17,2019-12-23T20:00:00Z,60.56,60.67,60.49,60.53
17,2019-12-23T16:00:00Z,60.19,60.72,60.16,60.56
17,2019-12-23T12:00:00Z,60.37,60.5,60.1,60.19
17,2019-12-23T08:00:00Z,60.12,60.42,60.06,60.37
17,2019-12-23T04:00:00Z,60.19,60.22,60.07,60.12
17,2019-12-23T00:00:00Z,60.39,60.42,60.19,60.19
17,2019-12-22T20:00:00Z,60.3,60.42,60.26,60.39
17,2019-12-20T20:00:00Z,60.31,60.36,60.26,60.34
17,2019-12-20T16:00:00Z,60.12,60.59,60.05,60.31
17,2019-12-20T12:00:00Z,60.88,61.17,59.97,60.13
17,2019-12-20T08:00:00Z,61.09,61.16,60.77,60.9
17,2019-12-20T04:00:00Z,61.08,61.16,61.01,61.07
17,2019-12-20T00:00:00Z,61.04,61.11,61.02,61.07
17,2019-12-19T20:00:00Z,61.01,61.17,60.9,61.04
17,2019-12-19T16:00:00Z,60.95,61.38,60.95,61.02
17,2019-12-19T12:00:00Z,60.86,61.0,60.66,60.95
17,2019-12-19T08:00:00Z,60.8,60.9,60.7,60.87
17,2019-12-19T04:00:00Z,60.78,60.88,60.75,60.8
17,2019-12-19T00:00:00Z,60.79,60.83,60.73,60.75
17,2019-12-18T20:00:00Z,60.81,60.91,60.69,60.78
17,2019-12-18T16:00:00Z,60.84,61.08,60.72,60.82
17,2019-12-18T12:00:00Z,60.38,61.03,60.28,60.84
17,2019-12-18T08:00:00Z,60.42,60.5,60.2,60.39
17,2019-12-18T04:00:00Z,60.43,60.52,60.31,60.41
17,2019-12-18T00:00:00Z,60.5,60.55,60.37,60.42
17,2019-12-17T20:00:00Z,60.82,60.86,60.41,60.49
17,2019-12-17T16:00:00Z,60.74,60.95,60.61,60.83
17,2019-12-17T12:00:00Z,60.31,60.78,60.23,60.73
17,2019-12-17T08:00:00Z,60.18,60.31,59.98,60.31
17,2019-12-17T04:00:00Z,60.1,60.24,60.09,60.17
17,2019-12-17T00:00:00Z,60.03,60.13,60.01,60.1
17,2019-12-16T20:00:00Z,60.12,60.18,60.0,60.01
17,2019-12-16T16:00:00Z,60.19,60.24,60.03,60.13
17,2019-12-16T12:00:00Z,59.95,60.26,59.9,60.16
17,2019-12-16T08:00:00Z,59.87,60.1,59.81,59.94
17,2019-12-16T04:00:00Z,59.73,59.9,59.71,59.83
17,2019-12-16T00:00:00Z,59.67,59.8,59.64,59.73
17,2019-12-15T20:00:00Z,59.76,59.81,59.65,59.69
17,2019-12-13T20:00:00Z,59.92,59.93,59.65,59.73
17,2019-12-13T16:00:00Z,59.4,60.01,59.34,59.91
17,2019-12-13T12:00:00Z,59.73,60.36,59.21,59.37
17,2019-12-13T08:00:00Z,59.4,59.88,59.38,59.74
17,2019-12-13T04:00:00Z,59.39,59.45,59.33,59.4
17,2019-12-13T00:00:00Z,59.45,59.47,59.34,59.39
17,2019-12-12T20:00:00Z,59.22,59.46,59.12,59.45
17,2019-12-12T16:00:00Z,59.21,59.43,59.04,59.26
17,2019-12-12T12:00:00Z,58.92,59.58,58.68,59.21
17,2019-12-12T08:00:00Z,58.75,59.1,58.67,58.91
17,2019-12-12T04:00:00Z,58.79,58.83,58.72,58.74
17,2019-12-12T00:00:00Z,58.81,58.83,58.74,58.78
17,2019-12-11T20:00:00Z,58.84,58.85,58.68,58.81
17,2019-12-11T16:00:00Z,58.27,58.85,58.19,58.83
17,2019-12-11T12:00:00Z,58.79,59.08,58.04,58.28
17,2019-12-11T08:00:00Z,58.81,59.07,58.74,58.79
17,2019-12-11T04:00:00Z,58.82,58.91,58.75,58.81
17,2019-12-11T00:00:00Z,58.98,59.0,58.76,58.81
17,2019-12-10T20:00:00Z,59.19,59.26,58.94,58.99
17,2019-12-10T16:00:00Z,59.14,59.38,58.95,59.16
17,2019-12-10T12:00:00Z,58.69,59.21,58.45,59.15
17,2019-12-10T08:00:00Z,58.84,59.34,58.51,58.69
17,2019-12-10T04:00:00Z,58.84,58.94,58.75,58.84
17,2019-12-10T00:00:00Z,58.77,58.9,58.72,58.83
17,2019-12-09T20:00:00Z,58.89,58.93,58.73,58.77
17,2019-12-09T16:00:00Z,58.78,59.14,58.69,58.89
17,2019-12-09T12:00:00Z,58.43,59.06,58.18,58.78
17,2019-12-09T08:00:00Z,58.83,58.92,58.39,58.44
17,2019-12-09T04:00:00Z,58.81,58.92,58.74,58.83
17,2019-12-09T00:00:00Z,58.88,58.93,58.73,58.81
17,2019-12-08T20:00:00Z,59.09,59.1,58.88,58.92
17,2019-12-06T20:00:00Z,59.09,59.13,58.91,59.04
17,2019-12-06T16:00:00Z,58.72,59.18,58.71,59.09
17,2019-12-06T12:00:00Z,58.09,59.75,57.67,58.72
17,2019-12-06T08:00:00Z,58.28,58.5,57.87,58.09
17,2019-12-06T04:00:00Z,58.15,58.38,58.14,58.27
17,2019-12-06T00:00:00Z,58.3,58.43,58.13,58.15
17,2019-12-05T20:00:00Z,58.42,58.46,58.22,58.29
17,2019-12-05T16:00:00Z,58.77,58.93,58.1,58.41
17,2019-12-05T12:00:00Z,58.55,59.04,58.03,58.77
17,2019-12-05T08:00:00Z,58.25,58.63,58.08,58.55
17,2019-12-05T04:00:00Z,58.12,58.29,58.05,58.24
17,2019-12-05T00:00:00Z,58.36,58.37,58.09,58.13
17,2019-12-04T20:00:00Z,58.45,58.49,58.22,58.35
17,2019-12-04T16:00:00Z,58.33,58.55,57.77,58.46
17,2019-12-04T12:00:00Z,56.98,58.41,56.84,58.33
17,2019-12-04T08:00:00Z,56.29,57.01,56.25,56.99
17,2019-12-04T04:00:00Z,56.47,56.51,56.21,56.24
17,2019-12-04T00:00:00Z,56.36,56.51,56.23,56.47
17,2019-12-03T20:00:00Z,56.14,56.38,56.1,56.35
17,2019-12-03T16:00:00Z,55.72,56.72,55.66,56.16
17,2019-12-03T12:00:00Z,55.94,56.02,55.29,55.72
17,2019-12-03T08:00:00Z,56.19,56.37,55.87,55.95
17,2019-12-03T04:00:00Z,56.09,56.23,56.08,56.19
17,2019-12-03T00:00:00Z,56.0,56.17,55.98,56.09
17,2019-12-02T20:00:00Z,55.98,56.05,55.86,56.0
17,2019-12-02T16:00:00Z,55.89,56.26,55.56,55.97
17,2019-12-02T12:00:00Z,56.52,56.63,55.79,55.88
17,2019-12-02T08:00:00Z,55.93,56.64,55.84,56.51
17,2019-12-02T04:00:00Z,56.04,56.13,55.86,55.93
17,2019-12-02T00:00:00Z,55.81,56.2,55.81,56.06
17,2019-12-01T20:00:00Z,55.51,55.79,55.48,55.78
17,2019-11-29T16:00:00Z,56.04,56.04,55.02,55.38
17,2019-11-29T12:00:00Z,58.01,58.07,55.95,56.06
17,2019-11-29T08:00:00Z,58.06,58.16,57.85,58.01
17,2019-11-29T04:00:00Z,57.96,58.14,57.88,58.06
17,2019-11-29T00:00:00Z,58.05,58.11,57.92,57.96
17,2019-11-28T20:00:00Z,58.15,58.15,57.99,58.04
17,2019-11-28T16:00:00Z,57.8,58.01,57.67,58.0
17,2019-11-28T12:00:00Z,57.93,58.05,57.7,57.8
17,2019-11-28T08:00:00Z,57.73,58.0,57.61,57.93
17,2019-11-28T04:00:00Z,57.86,57.87,57.68,57.72
17,2019-11-28T00:00:00Z,57.94,57.94,57.78,57.86
17,2019-11-27T20:00:00Z,58.01,58.14,57.93,57.96
17,2019-11-27T16:00:00Z,57.95,58.09,57.5,58.0
17,2019-11-27T12:00:00Z,58.59,58.59,57.89,57.95
17,2019-11-27T08:00:00Z,58.29,58.61,58.25,58.6
17,2019-11-27T04:00:00Z,58.2,58.33,58.17,58.29
17,2019-11-27T00:00:00Z,58.19,58.26,58.11,58.2
17,2019-11-26T20:00:00Z,58.35,58.38,58.09,58.2
17,2019-11-26T16:00:00Z,58.03,58.36,57.81,58.36
17,2019-11-26T12:00:00Z,57.99,58.54,57.98,58.06
17,2019-11-26T08:00:00Z,57.86,58.27,57.75,58.02
17,2019-11-26T04:00:00Z,57.9,57.98,57.8,57.85
17,2019-11-26T00:00:00Z,57.91,57.97,57.86,57.9
17,2019-11-25T20:00:00Z,57.96,58.02,57.82,57.9
17,2019-11-25T16:00:00Z,57.74,58.07,57.47,57.97
17,2019-11-25T12:00:00Z,57.57,57.98,57.17,57.75
17,2019-11-25T08:00:00Z,57.99,58.05,57.57,57.57
17,2019-11-25T04:00:00Z,57.84,58.03,57.76,58.0
17,2019-11-25T00:00:00Z,57.97,57.97,57.71,57.84
17,2019-11-24T20:00:00Z,57.86,58.02,57.79,57.96
17,2019-11-22T20:00:00Z,57.92,58.02,57.85,58.01
17,2019-11-22T16:00:00Z,57.85,58.11,57.48,57.92
17,2019-11-22T12:00:00Z,58.27,58.7,57.78,57.86
17,2019-11-22T08:00:00Z,58.33,58.5,58.03,58.29
17,2019-11-22T04:00:00Z,58.14,58.34,58.07,58.32
17,2019-11-22T00:00:00Z,58.31,58.33,58.1,58.15
17,2019-11-21T20:00:00Z,58.51,58.53,58.23,58.31
17,2019-11-21T16:00:00Z,57.98,58.6,57.81,58.5
17,2019-11-21T12:00:00Z,56.87,58.06,56.81,57.99
17,2019-11-21T08:00:00Z,56.89,56.95,56.59,56.91
17,2019-11-21T04:00:00Z,56.85,57.04,56.76,56.89
17,2019-11-21T00:00:00Z,56.95,56.99,56.7,56.86
17,2019-11-20T20:00:00Z,57.08,57.18,56.83,56.92
17,2019-11-20T16:00:00Z,56.49,57.33,56.49,57.08
17,2019-11-20T12:00:00Z,55.62,56.5,55.52,56.5
17,2019-11-20T08:00:00Z,55.23,55.75,54.82,55.62
17,2019-11-20T04:00:00Z,55.33,55.37,55.1,55.24
17,2019-11-20T00:00:00Z,55.33,55.55,55.3,55.31
17,2019-11-19T20:00:00Z,55.35,55.41,55.13,55.32
17,2019-11-19T16:00:00Z,55.74,56.05,55.15,55.33
17,2019-11-19T12:00:00Z,56.53,56.65,55.74,55.76
17,2019-11-19T08:00:00Z,56.82,57.19,56.47,56.54
17,2019-11-19T04:00:00Z,56.95,57.02,56.76,56.81
17,2019-11-19T00:00:00Z,56.98,57.04,56.82,56.95
17,2019-11-18T20:00:00Z,56.98,57.02,56.87,56.98
17,2019-11-18T16:00:00Z,57.41,57.42,56.64,56.96
17,2019-11-18T12:00:00Z,57.64,57.74,57.08,57.42
17,2019-11-18T08:00:00Z,57.98,58.03,57.56,57.65
17,2019-11-18T04:00:00Z,57.79,58.16,57.71,57.99
17,2019-11-18T00:00:00Z,57.82,57.9,57.73,57.79
17,2019-11-17T20:00:00Z,57.91,57.92,57.69,57.82
17,2019-11-15T20:00:00Z,57.82,57.99,57.8,57.93
17,2019-11-15T16:00:00Z,57.24,58.03,57.24,57.82
17,2019-11-15T12:00:00Z,56.69,57.33,56.63,57.25
17,2019-11-15T08:00:00Z,57.06,57.14,56.52,56.7
17,2019-11-15T04:00:00Z,57.09,57.2,56.97,57.06
17,2019-11-15T00:00:00Z,57.09,57.19,56.91,57.11
17,2019-11-14T20:00:00Z,56.9,57.08,56.87,57.07
17,2019-11-14T16:00:00Z,57.55,57.66,56.72,56.88
17,2019-11-14T12:00:00Z,57.75,57.8,57.48,57.62
17,2019-11-14T08:00:00Z,57.58,57.79,57.4,57.76
17,2019-11-14T04:00:00Z,57.45,57.64,57.39,57.6
17,2019-11-14T00:00:00Z,57.41,57.75,57.32,57.46
17,2019-11-13T20:00:00Z,57.27,57.52,57.2,57.42
17,2019-11-13T16:00:00Z,57.18,57.53,57.04,57.28
17,2019-11-13T12:00:00Z,56.41,57.36,56.37,57.18
17,2019-11-13T08:00:00Z,56.54,56.7,56.26,56.4
17,2019-11-13T04:00:00Z,56.71,56.74,56.53,56.58
17,2019-11-13T00:00:00Z,56.7,56.81,56.62,56.72
17,2019-11-12T20:00:00Z,56.81,56.86,56.65,56.7
17,2019-11-12T16:00:00Z,57.22,57.27,56.59,56.82
17,2019-11-12T12:00:00Z,57.11,57.53,56.95,57.22
17,2019-11-12T08:00:00Z,57.04,57.26,56.78,57.09
17,2019-11-12T04:00:00Z,56.82,57.18,56.78,57.05
17,2019-11-12T00:00:00Z,56.65,56.92,56.61,56.83
17,2019-11-11T20:00:00Z,56.91,56.96,56.57,56.65
17,2019-11-11T16:00:00Z,57.23,57.25,56.81,56.93
17,2019-11-11T12:00:00Z,56.48,57.32,56.35,57.19
17,2019-11-11T08:00:00Z,56.75,56.86,56.27,56.48
17,2019-11-11T04:00:00Z,56.72,56.84,56.55,56.75
17,2019-11-11T00:00:00Z,57.14,57.16,56.71,56.76
17,2019-11-10T20:00:00Z,57.3,57.33,57.01,57.12
17,2019-11-08T20:00:00Z,57.4,57.44,57.33,57.37
17,2019-11-08T16:00:00Z,56.35,57.44,56.34,57.4
17,2019-11-08T12:00:00Z,56.26,56.52,55.77,56.32
17,2019-11-08T08:00:00Z,56.64,56.73,56.07,56.26
17,2019-11-08T04:00:00Z,56.94,56.97,56.53,56.63
17,2019-11-08T00:00:00Z,56.97,57.08,56.81,56.95
17,2019-11-07T20:00:00Z,57.03,57.14,56.83,56.97
17,2019-11-07T16:00:00Z,57.2,57.8,56.96,57.02
17,2019-11-07T12:00:00Z,57.0,57.5,56.83,57.2
17,2019-11-07T08:00:00Z,56.72,57.2,56.66,57.02
17,2019-11-07T04:00:00Z,56.32,56.85,56.27,56.73
17,2019-11-07T00:00:00Z,56.35,56.41,56.27,56.31
17,2019-11-06T20:00:00Z,56.5,56.59,56.32,56.32
17,2019-11-06T16:00:00Z,57.12,57.25,56.14,56.47
17,2019-11-06T12:00:00Z,57.17,57.82,56.86,57.12
17,2019-11-06T08:00:00Z,56.93,57.3,56.76,57.16
17,2019-11-06T04:00:00Z,56.92,57.1,56.88,56.93
17,2019-11-06T00:00:00Z,57.12,57.13,56.86,56.91
17,2019-11-05T20:00:00Z,57.26,57.29,57.09,57.12
17,2019-11-05T16:00:00Z,57.32,57.47,57.04,57.24
17,2019-11-05T12:00:00Z,56.92,57.4,56.84,57.31
17,2019-11-05T08:00:00Z,56.57,57.09,56.45,56.92
17,2019-11-05T04:00:00Z,56.55,56.72,56.38,56.57
17,2019-11-05T00:00:00Z,56.6,56.61,56.32,56.55
17,2019-11-04T20:00:00Z,56.58,56.63,56.45,56.58
17,2019-11-04T16:00:00Z,57.1,57.44,56.4,56.59
17,2019-11-04T12:00:00Z,56.94,57.22,56.62,57.08
17,2019-11-04T08:00:00Z,56.09,57.01,56.0,56.94
17,2019-11-04T04:00:00Z,55.94,56.15,55.85,56.09
17,2019-11-04T00:00:00Z,56.22,56.22,55.88,55.9
17,2019-11-03T20:00:00Z,56.36,56.39,56.2,56.22
17,2019-11-01T20:00:00Z,56.06,56.16,55.99,56.15
17,2019-11-01T16:00:00Z,55.23,56.31,55.07,56.06
17,2019-11-01T12:00:00Z,54.53,55.42,54.53,55.25
17,2019-11-01T08:00:00Z,54.19,54.56,54.16,54.54
17,2019-11-01T04:00:00Z,54.37,54.47,54.14,54.19
17,2019-11-01T00:00:00Z,54.09,54.41,54.09,54.37
17,2019-10-31T20:00:00Z,54.11,54.18,54.05,54.08
17,2019-10-31T16:00:00Z,54.21,54.3,53.92,54.11
17,2019-10-31T12:00:00Z,54.28,54.64,53.75,54.19
17,2019-10-31T08:00:00Z,55.38,55.57,54.26,54.29
17,2019-10-31T04:00:00Z,55.15,55.44,55.1,55.38
17,2019-10-31T00:00:00Z,54.89,55.25,54.86,55.15
17,2019-10-30T20:00:00Z,54.91,54.99,54.84,54.88
17,2019-10-30T16:00:00Z,54.7,55.19,54.49,54.91
17,2019-10-30T12:00:00Z,55.66,55.66,54.55,54.7
17,2019-10-30T08:00:00Z,55.43,55.77,55.31,55.65
17,2019-10-30T04:00:00Z,55.3,55.45,55.19,55.45
17,2019-10-30T00:00:00Z,55.51,55.58,55.23,55.31
17,2019-10-29T20:00:00Z,55.46,55.61,55.44,55.51
17,2019-10-29T16:00:00Z,55.63,55.9,55.39,55.46
17,2019-10-29T12:00:00Z,55.14,55.8,54.63,55.65
17,2019-10-29T08:00:00Z,55.41,55.49,54.95,55.14
17,2019-10-29T04:00:00Z,55.67,55.68,55.39,55.4
17,2019-10-29T00:00:00Z,55.83,55.86,55.63,55.68
17,2019-10-28T20:00:00Z,55.8,55.87,55.75,55.83
17,2019-10-28T16:00:00Z,56.1,56.17,55.61,55.8
17,2019-10-28T12:00:00Z,56.46,56.94,55.94,56.11
17,2019-10-28T08:00:00Z,56.45,56.51,56.25,56.45
17,2019-10-28T04:00:00Z,56.51,56.61,56.35,56.45
17,2019-10-28T00:00:00Z,56.69,56.76,56.49,56.51
17,2019-10-27T20:00:00Z,56.64,56.82,56.49,56.7
17,2019-10-25T16:00:00Z,56.32,56.7,56.15,56.69
17,2019-10-25T12:00:00Z,56.05,56.51,55.62,56.33
17,2019-10-25T08:00:00Z,56.07,56.22,55.84,56.05
17,2019-10-25T04:00:00Z,55.98,56.12,55.84,56.07
17,2019-10-25T00:00:00Z,56.1,56.12,55.83,55.99
17,2019-10-24T20:00:00Z,56.21,56.22,56.02,56.1
17,2019-10-24T16:00:00Z,56.24,56.48,55.99,56.2
17,2019-10-24T12:00:00Z,55.92,56.41,55.68,56.24
17,2019-10-24T08:00:00Z,55.62,55.93,55.39,55.92
17,2019-10-24T04:00:00Z,55.48,55.78,55.48,55.63
17,2019-10-24T00:00:00Z,55.76,55.76,55.42,55.49
17,2019-10-23T20:00:00Z,55.76,55.89,55.68,55.75
17,2019-10-23T16:00:00Z,55.17,56.04,55.09,55.77
17,2019-10-23T12:00:00Z,53.89,55.28,53.6,55.16
17,2019-10-23T08:00:00Z,54.24,54.31,53.8,53.9
17,2019-10-23T04:00:00Z,54.01,54.28,54.0,54.23
17,2019-10-23T00:00:00Z,54.19,54.22,53.97,54.04
17,2019-10-22T20:00:00Z,54.34,54.38,54.16,54.19
17,2019-10-22T16:00:00Z,54.37,54.54,54.09,54.35
17,2019-10-22T12:00:00Z,53.71,54.8,53.67,54.37
17,2019-10-22T08:00:00Z,53.39,53.81,53.24,53.7
17,2019-10-22T04:00:00Z,53.48,53.52,53.25,53.4
17,2019-10-22T00:00:00Z,53.53,53.65,53.45,53.49
17,2019-10-21T20:00:00Z,53.63,53.64,53.44,53.54
17,2019-10-21T16:00:00Z,53.2,53.73,53.06,53.62
17,2019-10-21T12:00:00Z,53.67,53.73,52.85,53.2
17,2019-10-21T08:00:00Z,53.95,54.14,53.32,53.68
17,2019-10-21T04:00:00Z,53.75,54.02,53.66,53.95
17,2019-10-21T00:00:00Z,53.67,53.82,53.65,53.75
17,2019-10-20T20:00:00Z,53.78,53.81,53.51,53.68
17,2019-10-18T20:00:00Z,53.83,53.84,53.73,53.76
17,2019-10-18T16:00:00Z,53.94,54.08,53.4,53.83
17,2019-10-18T12:00:00Z,54.56,54.66,53.86,53.97
17,2019-10-18T08:00:00Z,54.1,54.65,53.99,54.54
17,2019-10-18T04:00:00Z,53.9,54.14,53.79,54.1
17,2019-10-18T00:00:00Z,54.02,54.1,53.85,53.9
17,2019-10-17T20:00:00Z,54.02,54.21,53.97,53.99
17,2019-10-17T16:00:00Z,53.03,54.18,52.96,54.03
17,2019-10-17T12:00:00Z,53.06,53.51,52.74,53.02
17,2019-10-17T08:00:00Z,53.09,53.37,52.87,53.06
17,2019-10-17T04:00:00Z,53.02,53.14,52.86,53.09
17,2019-10-17T00:00:00Z,52.88,53.14,52.85,53.02
17,2019-10-16T20:00:00Z,53.39,53.42,52.85,52.89
17,2019-10-16T16:00:00Z,53.47,53.76,53.28,53.39
17,2019-10-16T12:00:00Z,53.03,53.69,52.75,53.48
17,2019-10-16T08:00:00Z,52.82,53.17,52.6,53.03
17,2019-10-16T04:00:00Z,52.99,53.18,52.69,52.81
17,2019-10-16T00:00:00Z,53.01,53.13,52.88,52.98
17,2019-10-15T20:00:00Z,52.97,53.06,52.84,53.02
17,2019-10-15T16:00:00Z,53.48,53.62,52.76,52.97
17,2019-10-15T12:00:00Z,53.2,53.79,53.07,53.44
17,2019-10-15T08:00:00Z,53.28,53.47,52.46,53.19
17,2019-10-15T04:00:00Z,53.27,53.36,53.14,53.26
17,2019-10-15T00:00:00Z,53.57,53.58,53.22,53.27
17,2019-10-14T20:00:00Z,53.49,53.64,53.44,53.58
17,2019-10-14T16:00:00Z,53.36,53.72,53.13,53.5
17,2019-10-14T12:00:00Z,53.67,53.7,52.85,53.34
17,2019-10-14T08:00:00Z,54.07,54.36,53.35,53.67
17,2019-10-14T04:00:00Z,54.5,54.53,54.0,54.06
17,2019-10-14T00:00:00Z,54.83,54.85,54.34,54.48
17,2019-10-13T20:00:00Z,54.87,54.89,54.72,54.83
17,2019-10-11T20:00:00Z,54.7,54.81,54.65,54.77
17,2019-10-11T16:00:00Z,54.24,54.92,54.12,54.7
17,2019-10-11T12:00:00Z,54.36,54.68,53.68,54.24
17,2019-10-11T08:00:00Z,54.57,54.86,54.17,54.35
17,2019-10-11T04:00:00Z,53.82,54.72,53.75,54.58
17,2019-10-11T00:00:00Z,53.89,53.91,53.63,53.82
17,2019-10-10T20:00:00Z,53.65,54.09,53.59,53.86
17,2019-10-10T16:00:00Z,53.23,53.75,53.07,53.66
17,2019-10-10T12:00:00Z,52.81,53.43,52.81,53.23
17,2019-10-10T08:00:00Z,52.31,52.87,52.2,52.81
17,2019-10-10T04:00:00Z,52.47,52.6,52.24,52.31
17,2019-10-10T00:00:00Z,52.19,52.55,52.09,52.48
17,2019-10-09T20:00:00Z,52.64,52.74,51.41,52.19
17,2019-10-09T16:00:00Z,53.46,53.55,52.37,52.63
17,2019-10-09T12:00:00Z,53.13,53.67,52.84,53.47
17,2019-10-09T08:00:00Z,52.46,53.29,52.33,53.14
17,2019-10-09T04:00:00Z,52.41,52.63,52.33,52.47
17,2019-10-09T00:00:00Z,52.35,52.54,52.31,52.45
17,2019-10-08T20:00:00Z,52.24,52.55,52.18,52.4
17,2019-10-08T16:00:00Z,52.24,52.8,51.98,52.24
17,2019-10-08T12:00:00Z,51.93,52.6,51.78,52.26
17,2019-10-08T08:00:00Z,52.81,53.2,51.82,51.95
17,2019-10-08T04:00:00Z,53.04,53.24,52.78,52.8
17,2019-10-08T00:00:00Z,52.91,53.09,52.91,53.05
17,2019-10-07T20:00:00Z,52.88,52.94,52.71,52.92
17,2019-10-07T16:00:00Z,53.62,53.69,52.59,52.88
17,2019-10-07T12:00:00Z,53.37,53.98,53.15,53.62
17,2019-10-07T08:00:00Z,52.92,53.47,52.86,53.38
17,2019-10-07T04:00:00Z,52.61,52.98,52.61,52.91
17,2019-10-07T00:00:00Z,52.61,52.7,52.53,52.6
17,2019-10-06T20:00:00Z,52.69,52.74,52.54,52.61
17,2019-10-04T20:00:00Z,52.77,52.88,52.74,52.88
17,2019-10-04T16:00:00Z,52.73,52.84,52.01,52.77
17,2019-10-04T12:00:00Z,52.57,53.27,52.5,52.75
17,2019-10-04T08:00:00Z,52.77,52.85,52.23,52.58
17,2019-10-04T04:00:00Z,52.57,52.83,52.41,52.78
17,2019-10-04T00:00:00Z,52.29,52.64,52.29,52.57
17,2019-10-03T20:00:00Z,52.3,52.37,52.19,52.29
17,2019-10-03T16:00:00Z,51.87,52.56,51.8,52.29
17,2019-10-03T12:00:00Z,52.42,52.49,50.92,51.88
17,2019-10-03T08:00:00Z,52.58,52.75,52.2,52.42
17,2019-10-03T04:00:00Z,52.75,52.77,52.43,52.59
17,2019-10-03T00:00:00Z,52.45,52.82,52.33,52.72
17,2019-10-02T20:00:00Z,52.57,52.57,52.37,52.45
17,2019-10-02T16:00:00Z,52.33,52.84,52.21,52.56
17,2019-10-02T12:00:00Z,53.94,54.07,52.11,52.33
17,2019-10-02T08:00:00Z,53.84,54.06,53.52,53.96
17,2019-10-02T04:00:00Z,54.14,54.33,53.75,53.84
17,2019-10-02T00:00:00Z,53.96,54.18,53.84,54.13
17,2019-10-01T20:00:00Z,53.55,54.0,53.52,54.0
17,2019-10-01T16:00:00Z,53.61,53.75,53.01,53.53
17,2019-10-01T12:00:00Z,54.37,54.69,53.52,53.63
17,2019-10-01T08:00:00Z,54.46,54.76,54.37,54.37
17,2019-10-01T04:00:00Z,54.49,54.54,54.18,54.45
17,2019-10-01T00:00:00Z,54.21,54.52,54.19,54.5
17,2019-09-30T20:00:00Z,54.23,54.34,54.15,54.21
17,2019-09-30T16:00:00Z,55.18,55.27,53.93,54.22
17,2019-09-30T12:00:00Z,55.27,55.53,54.9,55.18
17,2019-09-30T08:00:00Z,55.61,55.77,55.08,55.28
17,2019-09-30T04:00:00Z,55.96,56.01,55.58,55.62
17,2019-09-30T00:00:00Z,55.99,56.09,55.89,55.97
17,2019-09-29T20:00:00Z,56.29,56.31,55.95,56.0
17,2019-09-27T20:00:00Z,55.83,55.95,55.77,55.95
17,2019-09-27T16:00:00Z,56.05,56.14,55.33,55.84
17,2019-09-27T12:00:00Z,55.79,56.66,54.72,56.05
17,2019-09-27T08:00:00Z,56.17,56.54,55.57,55.79
17,2019-09-27T04:00:00Z,56.02,56.24,55.91,56.17
17,2019-09-27T00:00:00Z,56.2,56.33,55.99,56.03
17,2019-09-26T20:00:00Z,56.46,56.5,56.2,56.2
17,2019-09-26T16:00:00Z,55.89,56.58,55.65,56.44
17,2019-09-26T12:00:00Z,56.46,56.5,55.39,55.87
17,2019-09-26T08:00:00Z,56.19,56.77,56.14,56.48
17,2019-09-26T04:00:00Z,56.51,56.51,56.15,56.21
17,2019-09-26T00:00:00Z,56.66,56.68,56.37,56.52
17,2019-09-25T20:00:00Z,56.49,56.71,56.39,56.66
17,2019-09-25T16:00:00Z,56.22,56.58,55.67,56.49
17,2019-09-25T12:00:00Z,56.14,56.48,55.59,56.21
17,2019-09-25T08:00:00Z,56.56,56.6,56.09,56.15
17,2019-09-25T04:00:00Z,56.89,56.96,56.49,56.55
17,2019-09-25T00:00:00Z,56.72,56.96,56.69,56.86
17,2019-09-24T20:00:00Z,56.9,57.13,56.61,56.73
17,2019-09-24T16:00:00Z,57.75,57.79,56.82,56.91
17,2019-09-24T12:00:00Z,58.06,58.16,57.44,57.74
17,2019-09-24T08:00:00Z,58.15,58.27,57.83,58.06
17,2019-09-24T04:00:00Z,58.33,58.37,58.02,58.14
17,2019-09-24T00:00:00Z,58.29,58.46,58.23,58.31
17,2019-09-23T20:00:00Z,58.41,58.48,58.21,58.3
17,2019-09-23T16:00:00Z,58.21,58.65,58.05,58.4
17,2019-09-23T12:00:00Z,57.72,58.55,57.65,58.18
17,2019-09-23T08:00:00Z,58.37,58.42,57.33,57.73
17,2019-09-23T04:00:00Z,58.62,58.74,58.34,58.37
17,2019-09-23T00:00:00Z,58.64,58.84,58.52,58.63
17,2019-09-22T20:00:00Z,58.93,59.08,58.6,58.63
17,2019-09-20T20:00:00Z,58.44,58.5,58.4,58.48
17,2019-09-20T16:00:00Z,58.77,59.02,57.9,58.45
17,2019-09-20T12:00:00Z,58.68,59.21,58.33,58.79
17,2019-09-20T08:00:00Z,58.76,58.8,58.3,58.71
17,2019-09-20T04:00:00Z,58.64,58.87,58.54,58.79
17,2019-09-20T00:00:00Z,58.78,58.85,58.63,58.67
17,2019-09-19T20:00:00Z,58.37,58.89,58.37,58.78
17,2019-09-19T16:00:00Z,58.37,58.75,58.04,58.37
17,2019-09-19T12:00:00Z,59.16,59.46,58.21,58.37
17,2019-09-19T08:00:00Z,58.26,59.38,58.07,59.17
17,2019-09-19T04:00:00Z,58.16,58.35,58.0,58.26
17,2019-09-19T00:00:00Z,57.99,58.27,57.98,58.18
17,2019-09-18T20:00:00Z,58.02,58.19,57.97,58.02
17,2019-09-18T16:00:00Z,58.24,58.35,57.58,58.02
17,2019-09-18T12:00:00Z,58.72,58.8,57.85,58.23
17,2019-09-18T08:00:00Z,58.73,58.97,58.46,58.73
17,2019-09-18T04:00:00Z,58.83,59.27,58.62,58.74
17,2019-09-18T00:00:00Z,58.71,58.96,58.64,58.84
17,2019-09-17T20:00:00Z,58.92,58.95,58.28,58.73
17,2019-09-17T16:00:00Z,59.72,60.47,58.28,58.9
17,2019-09-17T12:00:00Z,61.82,62.2,58.54,59.76
17,2019-09-17T08:00:00Z,62.06,62.35,61.4,61.82
17,2019-09-17T04:00:00Z,61.74,62.23,61.71,62.06
17,2019-09-17T00:00:00Z,61.67,61.9,61.34,61.75
17,2019-09-16T20:00:00Z,61.56,62.05,61.24,61.62
17,2019-09-16T16:00:00Z,60.81,63.12,60.78,61.55
17,2019-09-16T12:00:00Z,60.18,61.34,59.74,60.83
17,2019-09-16T08:00:00Z,58.99,60.19,58.65,60.15
17,2019-09-16T04:00:00Z,59.42,59.99,58.6,58.98
17,2019-09-16T00:00:00Z,61.16,61.28,59.19,59.43
17,2019-09-15T20:00:00Z,57.35,61.28,56.96,61.16
17,2019-09-13T20:00:00Z,54.83,54.89,54.81,54.84
17,2019-09-13T16:00:00Z,54.85,55.18,54.71,54.84
17,2019-09-13T12:00:00Z,54.98,54.99,54.86,54.87
17,2019-09-13T08:00:00Z,55.18,55.25,54.39,54.99
17,2019-09-13T04:00:00Z,54.92,55.29,54.83,55.18
17,2019-09-13T00:00:00Z,55.11,55.11,54.77,54.9
17,2019-09-12T20:00:00Z,54.99,55.24,54.96,55.09
17,2019-09-12T16:00:00Z,54.76,55.16,54.57,54.98
17,2019-09-12T12:00:00Z,55.13,55.2,53.94,54.76
17,2019-09-12T08:00:00Z,55.97,56.12,55.05,55.12
17,2019-09-12T04:00:00Z,56.18,56.26,55.74,55.96
17,2019-09-12T00:00:00Z,56.13,56.25,56.0,56.17
17,2019-09-11T20:00:00Z,56.02,56.13,55.76,56.13
17,2019-09-11T16:00:00Z,56.16,56.31,55.53,56.02
17,2019-09-11T12:00:00Z,57.8,57.99,55.78,56.16
17,2019-09-11T08:00:00Z,57.72,58.15,57.69,57.79
17,2019-09-11T04:00:00Z,57.77,57.89,57.61,57.71
17,2019-09-11T00:00:00Z,57.84,57.87,57.53,57.76
17,2019-09-10T20:00:00Z,57.42,57.85,57.4,57.84
17,2019-09-10T16:00:00Z,58.06,58.29,57.08,57.4
17,2019-09-10T12:00:00Z,58.36,58.62,57.82,58.07
17,2019-09-10T08:00:00Z,57.81,58.37,57.75,58.35
17,2019-09-10T04:00:00Z,57.93,58.1,57.72,57.8
17,2019-09-10T00:00:00Z,58.03,58.27,57.92,57.92
17,2019-09-09T20:00:00Z,57.88,58.1,57.83,58.03
17,2019-09-09T16:00:00Z,57.81,58.01,57.59,57.89
17,2019-09-09T12:00:00Z,56.77,58.03,56.74,57.84
17,2019-09-09T08:00:00Z,56.91,57.0,56.53,56.75
17,2019-09-09T04:00:00Z,57.06,57.15,56.85,56.91
17,2019-09-09T00:00:00Z,56.73,57.19,56.57,57.06
17,2019-09-08T20:00:00Z,56.61,57.01,56.61,56.74
17,2019-09-06T20:00:00Z,56.48,56.57,56.45,56.49
17,2019-09-06T16:00:00Z,55.84,56.86,55.81,56.48
17,2019-09-06T12:00:00Z,55.33,55.95,54.74,55.82
17,2019-09-06T08:00:00Z,56.06,56.39,54.81,55.35
17,2019-09-06T04:00:00Z,56.38,56.38,56.01,56.05
17,2019-09-06T00:00:00Z,56.13,56.38,56.09,56.36
17,2019-09-05T20:00:00Z,56.09,56.24,55.96,56.14
17,2019-09-05T16:00:00Z,57.07,57.26,55.91,56.1
17,2019-09-05T12:00:00Z,56.18,57.59,56.09,57.06
17,2019-09-05T08:00:00Z,55.74,56.27,55.69,56.18
17,2019-09-05T04:00:00Z,56.07,56.2,55.62,55.74
17,2019-09-05T00:00:00Z,55.89,56.51,55.67,56.07
17,2019-09-04T20:00:00Z,56.19,56.3,55.73,55.88
17,2019-09-04T16:00:00Z,55.98,56.42,55.85,56.18
17,2019-09-04T12:00:00Z,54.7,56.07,54.57,55.98
17,2019-09-04T08:00:00Z,54.11,54.7,53.94,54.68
17,2019-09-04T04:00:00Z,53.96,54.27,53.94,54.1
17,2019-09-04T00:00:00Z,53.72,54.13,53.7,53.96
17,2019-09-03T20:00:00Z,53.81,53.93,53.7,53.71
17,2019-09-03T16:00:00Z,53.49,54.02,53.25,53.81
17,2019-09-03T12:00:00Z,53.76,53.79,52.75,53.49
17,2019-09-03T08:00:00Z,54.31,54.4,53.62,53.77
17,2019-09-03T04:00:00Z,54.7,54.86,54.28,54.31
17,2019-09-03T00:00:00Z,54.5,54.87,54.44,54.68
17,2019-09-02T20:00:00Z,54.67,54.73,54.47,54.5
17,2019-09-02T16:00:00Z,54.57,54.6,54.48,54.58
17,2019-09-02T12:00:00Z,54.96,55.06,54.2,54.55
17,2019-09-02T08:00:00Z,54.89,55.03,54.65,54.96
17,2019-09-02T04:00:00Z,54.99,55.1,54.84,54.87
17,2019-09-02T00:00:00Z,54.69,55.02,54.64,54.98
17,2019-09-01T20:00:00Z,54.8,54.8,54.43,54.69
17,2019-08-30T20:00:00Z,54.9,54.95,54.87,54.88
17,2019-08-30T16:00:00Z,54.96,55.18,54.68,54.9
17,2019-08-30T12:00:00Z,55.82,56.43,54.43,54.95
17,2019-08-30T08:00:00Z,56.1,56.19,55.64,55.84
17,2019-08-30T04:00:00Z,56.5,56.56,55.95,56.13
17,2019-08-30T00:00:00Z,56.42,56.56,56.34,56.5
17,2019-08-29T20:00:00Z,56.48,56.51,56.37,56.39
17,2019-08-29T16:00:00Z,56.47,56.73,55.95,56.48
17,2019-08-29T12:00:00Z,56.19,56.54,55.71,56.49
17,2019-08-29T08:00:00Z,55.78,56.24,55.7,56.17
17,2019-08-29T04:00:00Z,55.46,55.79,55.32,55.78
17,2019-08-29T00:00:00Z,55.78,55.81,55.4,55.46
17,2019-08-28T20:00:00Z,55.8,55.85,55.69,55.74
17,2019-08-28T16:00:00Z,55.8,55.92,55.46,55.83
17,2019-08-28T12:00:00Z,55.61,56.61,55.48,55.8
17,2019-08-28T08:00:00Z,55.43,55.73,55.24,55.61
17,2019-08-28T04:00:00Z,55.4,55.57,55.3,55.43
17,2019-08-28T00:00:00Z,55.46,55.53,55.3,55.35
17,2019-08-27T20:00:00Z,54.85,55.62,54.78,55.5
17,2019-08-27T16:00:00Z,53.73,54.98,53.66,54.86
17,2019-08-27T12:00:00Z,54.17,54.48,53.62,53.74
17,2019-08-27T08:00:00Z,53.9,54.38,53.8,54.16
17,2019-08-27T04:00:00Z,53.88,53.94,53.64,53.88
17,2019-08-27T00:00:00Z,53.71,54.01,53.66,53.89
17,2019-08-26T20:00:00Z,53.73,53.91,53.67,53.71
17,2019-08-26T16:00:00Z,54.08,54.11,53.52,53.73
17,2019-08-26T12:00:00Z,54.61,55.15,54.01,54.08
17,2019-08-26T08:00:00Z,54.05,54.89,53.94,54.63
17,2019-08-26T04:00:00Z,53.52,54.17,53.35,54.04
17,2019-08-26T00:00:00Z,53.05,53.67,53.0,53.51
17,2019-08-25T20:00:00Z,53.31,53.34,52.88,53.04
17,2019-08-23T20:00:00Z,53.78,53.88,53.76,53.84
17,2019-08-23T16:00:00Z,53.5,54.19,53.22,53.79
17,2019-08-23T12:00:00Z,55.14,55.14,53.37,53.49
17,2019-08-23T08:00:00Z,55.32,55.42,55.07,55.14
17,2019-08-23T04:00:00Z,55.31,55.51,55.24,55.32
17,2019-08-23T00:00:00Z,55.39,55.47,55.2,55.31
17,2019-08-22T20:00:00Z,55.29,55.5,55.2,55.39
17,2019-08-22T16:00:00Z,54.88,55.77,54.86,55.29
17,2019-08-22T12:00:00Z,56.04,56.36,54.82,54.89
17,2019-08-22T08:00:00Z,55.78,56.19,55.71,56.02
17,2019-08-22T04:00:00Z,55.55,55.8,55.34,55.79
17,2019-08-22T00:00:00Z,55.94,56.04,55.54,55.56
17,2019-08-21T20:00:00Z,55.78,56.0,55.74,55.9
17,2019-08-21T16:00:00Z,56.15,56.25,55.49,55.81
17,2019-08-21T12:00:00Z,56.78,57.04,55.93,56.16
17,2019-08-21T08:00:00Z,56.25,56.81,56.05,56.77
17,2019-08-21T04:00:00Z,56.25,56.35,56.12,56.25
17,2019-08-21T00:00:00Z,56.1,56.29,56.02,56.26
17,2019-08-20T20:00:00Z,55.89,56.12,55.83,56.09
17,2019-08-20T16:00:00Z,55.71,56.38,55.66,55.91
17,2019-08-20T12:00:00Z,55.88,56.16,55.1,55.71
17,2019-08-20T08:00:00Z,56.18,56.46,55.69,55.83
17,2019-08-20T04:00:00Z,56.07,56.36,55.98,56.18
17,2019-08-20T00:00:00Z,55.87,56.17,55.8,56.06
17,2019-08-19T20:00:00Z,56.04,56.09,55.85,55.86
17,2019-08-19T16:00:00Z,55.54,56.21,55.39,56.05
17,2019-08-19T12:00:00Z,55.06,55.96,54.93,55.53
17,2019-08-19T08:00:00Z,55.41,55.5,54.78,55.03
17,2019-08-19T04:00:00Z,55.22,55.67,55.19,55.43
17,2019-08-19T00:00:00Z,55.11,55.34,55.06,55.21
17,2019-08-18T20:00:00Z,54.93,55.18,54.74,55.15
17,2019-08-16T20:00:00Z,54.75,54.85,54.74,54.8
17,2019-08-16T16:00:00Z,54.83,54.9,54.47,54.75
17,2019-08-16T12:00:00Z,54.61,54.99,54.16,54.82
17,2019-08-16T08:00:00Z,55.02,55.56,54.53,54.6
17,2019-08-16T04:00:00Z,54.96,55.26,54.86,55.02
17,2019-08-16T00:00:00Z,54.64,55.04,54.56,54.97
17,2019-08-15T20:00:00Z,54.5,54.76,54.44,54.65
17,2019-08-15T16:00:00Z,54.47,54.63,53.95,54.5
17,2019-08-15T12:00:00Z,54.58,55.06,54.02,54.48
17,2019-08-15T08:00:00Z,55.16,55.27,53.74,54.59
17,2019-08-15T04:00:00Z,54.87,55.3,54.79,55.16
17,2019-08-15T00:00:00Z,54.95,55.09,54.71,54.87
17,2019-08-14T20:00:00Z,55.05,55.11,54.67,54.94
17,2019-08-14T16:00:00Z,54.2,55.3,54.0,55.04
17,2019-08-14T12:00:00Z,55.44,55.55,54.15,54.2
17,2019-08-14T08:00:00Z,56.27,56.42,55.39,55.43
17,2019-08-14T04:00:00Z,56.36,56.51,56.2,56.26
17,2019-08-14T00:00:00Z,56.77,56.82,56.33,56.37
17,2019-08-13T20:00:00Z,57.03,57.06,56.5,56.76
17,2019-08-13T16:00:00Z,57.21,57.36,56.82,57.02
17,2019-08-13T12:00:00Z,54.34,57.32,54.25,57.2
17,2019-08-13T08:00:00Z,54.63,55.18,54.12,54.31
17,2019-08-13T04:00:00Z,54.73,54.79,54.38,54.61
17,2019-08-13T00:00:00Z,54.73,54.8,54.61,54.75
17,2019-08-12T20:00:00Z,54.7,54.77,54.54,54.75
17,2019-08-12T16:00:00Z,54.49,54.88,54.45,54.7
17,2019-08-12T12:00:00Z,53.94,55.03,53.9,54.5
17,2019-08-12T08:00:00Z,54.21,54.21,53.45,53.94
17,2019-08-12T04:00:00Z,54.18,54.3,54.01,54.21
17,2019-08-12T00:00:00Z,54.1,54.24,53.94,54.15
17,2019-08-11T20:00:00Z,54.13,54.31,54.06,54.09
17,2019-08-09T20:00:00Z,54.27,54.32,54.17,54.18
17,2019-08-09T16:00:00Z,54.29,54.74,54.18,54.25
17,2019-08-09T12:00:00Z,53.02,54.58,52.88,54.29
17,2019-08-09T08:00:00Z,52.55,53.31,52.51,53.02
17,2019-08-09T04:00:00Z,52.38,52.66,52.31,52.56
17,2019-08-09T00:00:00Z,52.72,52.78,52.29,52.37
17,2019-08-08T20:00:00Z,52.67,52.94,52.51,52.73
17,2019-08-08T16:00:00Z,52.59,52.86,52.01,52.7
17,2019-08-08T12:00:00Z,52.0,52.82,51.91,52.58
17,2019-08-08T08:00:00Z,52.48,52.53,51.82,51.99
17,2019-08-08T04:00:00Z,52.48,52.75,52.36,52.48
17,2019-08-08T00:00:00Z,52.21,52.65,52.17,52.49
17,2019-08-07T20:00:00Z,52.15,52.45,52.14,52.2
17,2019-08-07T16:00:00Z,50.6,52.38,50.48,52.16
17,2019-08-07T12:00:00Z,53.19,53.22,50.48,50.57
17,2019-08-07T08:00:00Z,53.66,53.66,53.13,53.2
17,2019-08-07T04:00:00Z,53.57,53.66,53.36,53.65
17,2019-08-07T00:00:00Z,53.33,53.71,53.27,53.58
17,2019-08-06T20:00:00Z,53.68,53.77,53.25,53.32
17,2019-08-06T16:00:00Z,54.43,54.5,53.38,53.7
17,2019-08-06T12:00:00Z,54.92,55.16,54.16,54.43
17,2019-08-06T08:00:00Z,54.94,55.05,54.71,54.91
17,2019-08-06T04:00:00Z,55.17,55.3,54.88,54.94
17,2019-08-06T00:00:00Z,54.0,55.15,53.91,55.13
17,2019-08-05T20:00:00Z,54.71,54.89,53.69,54.0
17,2019-08-05T16:00:00Z,55.2,55.48,54.44,54.68
17,2019-08-05T12:00:00Z,54.97,55.39,54.18,55.2
17,2019-08-05T08:00:00Z,54.89,55.27,54.64,54.97
17,2019-08-05T04:00:00Z,54.99,55.13,54.82,54.9
17,2019-08-05T00:00:00Z,55.32,55.51,54.92,54.95
17,2019-08-04T20:00:00Z,55.17,55.37,55.09,55.34
17,2019-08-02T20:00:00Z,55.29,55.3,55.13,55.14
17,2019-08-02T16:00:00Z,55.38,55.91,55.21,55.29
17,2019-08-02T12:00:00Z,55.28,56.05,55.09,55.3
17,2019-08-02T08:00:00Z,54.8,55.43,54.71,55.28
17,2019-08-02T04:00:00Z,55.05,55.11,54.7,54.82
17,2019-08-02T00:00:00Z,54.41,55.29,54.39,55.06
17,2019-08-01T20:00:00Z,54.53,54.58,54.17,54.45
17,2019-08-01T16:00:00Z,56.84,56.91,53.61,54.52
17,2019-08-01T12:00:00Z,57.76,57.78,56.57,56.84
17,2019-08-01T08:00:00Z,57.87,57.98,57.62,57.76
17,2019-08-01T04:00:00Z,57.93,57.95,57.76,57.86
17,2019-08-01T00:00:00Z,57.66,58.01,57.49,57.9
17,2019-07-31T20:00:00Z,58.02,58.05,57.47,57.66
17,2019-07-31T16:00:00Z,58.5,58.61,57.89,58.02
17,2019-07-31T12:00:00Z,58.51,58.79,58.07,58.5
17,2019-07-31T08:00:00Z,58.31,58.55,58.21,58.52
17,2019-07-31T04:00:00Z,58.45,58.57,58.28,58.32
17,2019-07-31T00:00:00Z,58.26,58.54,58.23,58.46
17,2019-07-30T20:00:00Z,58.18,58.45,57.96,58.25
17,2019-07-30T16:00:00Z,57.21,58.31,57.17,58.18
17,2019-07-30T12:00:00Z,57.26,57.4,56.98,57.18
17,2019-07-30T08:00:00Z,57.21,57.55,57.2,57.25
17,2019-07-30T04:00:00Z,57.17,57.35,57.13,57.23
17,2019-07-30T00:00:00Z,57.12,57.26,57.1,57.17
17,2019-07-29T20:00:00Z,57.01,57.25,56.95,57.14
17,2019-07-29T16:00:00Z,56.4,57.07,56.36,57.01
17,2019-07-29T12:00:00Z,56.26,56.84,55.84,56.4
17,2019-07-29T08:00:00Z,56.1,56.37,55.97,56.25
17,2019-07-29T04:00:00Z,56.11,56.16,55.96,56.11
17,2019-07-29T00:00:00Z,56.02,56.23,56.02,56.12
17,2019-07-28T20:00:00Z,56.2,56.33,55.98,56.01
17,2019-07-26T20:00:00Z,56.17,56.24,56.14,56.24
17,2019-07-26T16:00:00Z,56.25,56.38,55.92,56.18
17,2019-07-26T12:00:00Z,56.43,56.52,55.72,56.25
17,2019-07-26T08:00:00Z,56.28,56.54,56.11,56.46
17,2019-07-26T04:00:00Z,56.23,56.4,56.16,56.28
17,2019-07-26T00:00:00Z,56.11,56.3,55.88,56.23
17,2019-07-25T20:00:00Z,55.97,56.16,55.79,56.11
17,2019-07-25T16:00:00Z,56.25,56.49,55.87,55.96
17,2019-07-25T12:00:00Z,56.71,56.96,56.23,56.26
17,2019-07-25T08:00:00Z,56.27,56.75,56.11,56.71
17,2019-07-25T04:00:00Z,56.05,56.3,56.0,56.27
17,2019-07-25T00:00:00Z,56.0,56.12,55.91,56.05
17,2019-07-24T20:00:00Z,55.88,56.06,55.79,56.0
17,2019-07-24T16:00:00Z,56.59,56.94,55.33,55.89
17,2019-07-24T12:00:00Z,56.91,57.62,56.26,56.58
17,2019-07-24T08:00:00Z,56.99,57.16,56.79,56.92
17,2019-07-24T04:00:00Z,57.01,57.14,56.9,57.01
17,2019-07-24T00:00:00Z,57.05,57.13,56.85,56.99
17,2019-07-23T20:00:00Z,56.92,57.4,56.82,57.06
17,2019-07-23T16:00:00Z,56.18,56.98,56.02,56.92
17,2019-07-23T12:00:00Z,55.99,56.36,55.86,56.19
17,2019-07-23T08:00:00Z,56.28,56.43,55.73,55.98
17,2019-07-23T04:00:00Z,56.22,56.53,56.16,56.25
17,2019-07-23T00:00:00Z,56.1,56.3,56.05,56.22
17,2019-07-22T20:00:00Z,56.28,56.35,56.05,56.06
17,2019-07-22T16:00:00Z,56.31,56.41,56.03,56.27
17,2019-07-22T12:00:00Z,55.96,56.36,55.95,56.33
17,2019-07-22T08:00:00Z,56.8,57.0,56.29,56.36
17,2019-07-22T04:00:00Z,56.23,56.93,56.12,56.81
17,2019-07-22T00:00:00Z,56.24,56.38,55.86,56.2
17,2019-07-21T20:00:00Z,56.31,56.39,56.09,56.23
17,2019-07-19T20:00:00Z,56.22,56.3,56.06,56.08
17,2019-07-19T16:00:00Z,55.17,56.33,55.16,56.21
17,2019-07-19T12:00:00Z,56.13,56.17,55.13,55.15
17,2019-07-19T08:00:00Z,56.02,56.36,55.87,56.15
17,2019-07-19T04:00:00Z,56.2,56.32,55.84,56.02
17,2019-07-19T00:00:00Z,55.8,56.47,55.8,56.21
17,2019-07-18T20:00:00Z,55.75,56.03,55.55,55.78
17,2019-07-18T16:00:00Z,55.13,55.83,54.84,55.74
17,2019-07-18T12:00:00Z,57.23,57.33,54.96,55.14
17,2019-07-18T08:00:00Z,56.8,57.42,56.61,57.23
17,2019-07-18T04:00:00Z,56.94,56.96,56.69,56.8
17,2019-07-18T00:00:00Z,56.69,57.01,56.57,56.92
17,2019-07-17T20:00:00Z,56.66,56.77,56.33,56.68
17,2019-07-17T16:00:00Z,57.4,57.5,56.6,56.67
17,2019-07-17T12:00:00Z,58.3,58.47,57.09,57.41
17,2019-07-17T08:00:00Z,57.83,58.3,57.83,58.3
17,2019-07-17T04:00:00Z,57.66,57.92,57.66,57.84
17,2019-07-17T00:00:00Z,57.71,57.86,57.65,57.7
17,2019-07-16T20:00:00Z,58.15,58.29,57.55,57.71
17,2019-07-16T16:00:00Z,59.55,59.65,57.15,58.16
17,2019-07-16T12:00:00Z,59.56,60.13,59.47,59.55
