,InstrumentID,FromDate,Open,High,Low,Close
0,17,2020-03-02T18:12:00Z,46.99,47.0,46.98,46.98
1,17,2020-03-02T18:11:00Z,47.04,47.04,46.97,46.99
2,17,2020-03-02T18:10:00Z,47.02,47.04,46.99,47.04
3,17,2020-03-02T18:09:00Z,47.02,47.04,47.0,47.02
4,17,2020-03-02T18:08:00Z,47.0,47.03,46.96,47.02
5,17,2020-03-02T18:07:00Z,47.0,47.05,46.99,47.0
6,17,2020-03-02T18:06:00Z,46.99,47.02,46.97,47.01
7,17,2020-03-02T18:05:00Z,47.09,47.09,46.97,46.99
8,17,2020-03-02T18:04:00Z,47.04,47.1,47.04,47.09
9,17,2020-03-02T18:03:00Z,47.04,47.08,47.01,47.03
10,17,2020-03-02T18:02:00Z,47.06,47.11,47.04,47.05
11,17,2020-03-02T18:01:00Z,47.16,47.17,47.05,47.05
12,17,2020-03-02T18:00:00Z,47.12,47.18,47.07,47.17
13,17,2020-03-02T17:59:00Z,47.18,47.2,47.08,47.11
14,17,2020-03-02T17:58:00Z,47.19,47.2,47.11,47.17
15,17,2020-03-02T17:57:00Z,47.2,47.2,47.15,47.18
16,17,2020-03-02T17:56:00Z,47.19,47.2,47.16,47.18
17,17,2020-03-02T17:55:00Z,47.21,47.25,47.15,47.19
18,17,2020-03-02T17:54:00Z,47.19,47.23,47.15,47.21
19,17,2020-03-02T17:53:00Z,47.18,47.23,47.16,47.19
20,17,2020-03-02T17:52:00Z,47.1,47.18,47.1,47.18
21,17,2020-03-02T17:51:00Z,47.09,47.1,47.04,47.08
22,17,2020-03-02T17:50:00Z,47.11,47.16,47.07,47.09
23,17,2020-03-02T17:49:00Z,47.12,47.12,47.07,47.1
24,17,2020-03-02T17:48:00Z,47.15,47.17,47.09,47.12
25,17,2020-03-02T17:47:00Z,47.17,47.2,47.14,47.15
26,17,2020-03-02T17:46:00Z,47.16,47.2,47.13,47.18
27,17,2020-03-02T17:45:00Z,47.07,47.17,47.06,47.16
28,17,2020-03-02T17:44:00Z,47.05,47.08,47.02,47.06
29,17,2020-03-02T17:43:00Z,47.1,47.12,47.04,47.05
30,17,2020-03-02T17:42:00Z,47.09,47.12,47.07,47.1
31,17,2020-03-02T17:41:00Z,47.11,47.12,47.07,47.09
32,17,2020-03-02T17:40:00Z,47.14,47.17,47.1,47.14
33,17,2020-03-02T17:39:00Z,47.22,47.24,47.13,47.13
34,17,2020-03-02T17:38:00Z,47.18,47.25,47.18,47.22
35,17,2020-03-02T17:37:00Z,47.12,47.18,47.11,47.18
36,17,2020-03-02T17:36:00Z,47.15,47.17,47.11,47.14
37,17,2020-03-02T17:35:00Z,47.13,47.19,47.12,47.14
38,17,2020-03-02T17:34:00Z,47.06,47.12,47.04,47.12
39,17,2020-03-02T17:33:00Z,47.07,47.07,47.01,47.07
40,17,2020-03-02T17:32:00Z,47.04,47.08,47.02,47.07
41,17,2020-03-02T17:31:00Z,47.09,47.12,47.05,47.06
42,17,2020-03-02T17:30:00Z,47.02,47.1,46.99,47.09
43,17,2020-03-02T17:29:00Z,46.97,47.05,46.96,47.02
44,17,2020-03-02T17:28:00Z,46.98,47.02,46.96,46.98
45,17,2020-03-02T17:27:00Z,47.0,47.07,46.97,46.98
46,17,2020-03-02T17:26:00Z,47.2,47.21,47.0,47.01
47,17,2020-03-02T17:25:00Z,46.88,47.3,46.87,47.21
48,17,2020-03-02T17:24:00Z,46.86,46.89,46.84,46.89
49,17,2020-03-02T17:23:00Z,46.84,46.87,46.82,46.85
50,17,2020-03-02T17:22:00Z,46.84,46.88,46.83,46.84
51,17,2020-03-02T17:21:00Z,46.81,46.84,46.79,46.83
52,17,2020-03-02T17:20:00Z,46.82,46.85,46.8,46.8
53,17,2020-03-02T17:19:00Z,46.84,46.85,46.8,46.82
54,17,2020-03-02T17:18:00Z,46.88,46.88,46.81,46.84
55,17,2020-03-02T17:17:00Z,46.87,46.9,46.86,46.88
56,17,2020-03-02T17:16:00Z,46.89,46.92,46.88,46.88
57,17,2020-03-02T17:15:00Z,46.95,46.95,46.88,46.89
58,17,2020-03-02T17:14:00Z,46.92,46.94,46.9,46.92
59,17,2020-03-02T17:13:00Z,46.89,46.93,46.87,46.92
60,17,2020-03-02T17:12:00Z,46.87,46.91,46.85,46.89
61,17,2020-03-02T17:11:00Z,46.89,46.89,46.85,46.85
62,17,2020-03-02T17:10:00Z,46.94,46.95,46.88,46.88
63,17,2020-03-02T17:09:00Z,46.9,46.95,46.9,46.93
64,17,2020-03-02T17:08:00Z,46.98,46.99,46.93,46.93
65,17,2020-03-02T17:07:00Z,47.05,47.07,46.94,46.97
66,17,2020-03-02T17:06:00Z,47.07,47.12,47.06,47.06
67,17,2020-03-02T17:05:00Z,47.01,47.07,47.01,47.06
68,17,2020-03-02T17:04:00Z,47.1,47.13,47.01,47.01
69,17,2020-03-02T17:03:00Z,47.06,47.12,47.04,47.1
70,17,2020-03-02T17:02:00Z,47.06,47.08,47.03,47.06
71,17,2020-03-02T17:01:00Z,47.15,47.16,47.05,47.07
72,17,2020-03-02T17:00:00Z,47.06,47.15,47.03,47.15
73,17,2020-03-02T16:59:00Z,47.05,47.05,47.0,47.03
74,17,2020-03-02T16:58:00Z,47.1,47.14,47.05,47.05
75,17,2020-03-02T16:57:00Z,47.19,47.2,47.07,47.08
76,17,2020-03-02T16:56:00Z,47.23,47.24,47.16,47.18
77,17,2020-03-02T16:55:00Z,47.15,47.26,47.15,47.23
78,17,2020-03-02T16:54:00Z,47.12,47.22,47.1,47.14
79,17,2020-03-02T16:53:00Z,47.05,47.13,47.03,47.12
80,17,2020-03-02T16:52:00Z,47.07,47.09,47.05,47.05
81,17,2020-03-02T16:51:00Z,47.0,47.07,46.96,47.07
82,17,2020-03-02T16:50:00Z,47.03,47.07,46.98,47.0
83,17,2020-03-02T16:49:00Z,47.03,47.07,47.0,47.02
84,17,2020-03-02T16:48:00Z,47.02,47.04,46.98,47.02
85,17,2020-03-02T16:47:00Z,46.99,47.08,46.99,47.03
86,17,2020-03-02T16:46:00Z,47.02,47.08,46.99,47.02
87,17,2020-03-02T16:45:00Z,47.13,47.15,46.98,47.02
88,17,2020-03-02T16:44:00Z,47.07,47.14,47.06,47.12
89,17,2020-03-02T16:43:00Z,47.04,47.08,47.01,47.06
90,17,2020-03-02T16:42:00Z,47.03,47.08,47.01,47.03
91,17,2020-03-02T16:41:00Z,46.97,47.07,46.97,47.03
92,17,2020-03-02T16:40:00Z,47.08,47.11,46.97,46.97
93,17,2020-03-02T16:39:00Z,46.94,47.08,46.93,47.06
94,17,2020-03-02T16:38:00Z,46.92,47.0,46.91,46.94
95,17,2020-03-02T16:37:00Z,46.91,46.94,46.89,46.91
96,17,2020-03-02T16:36:00Z,46.82,46.93,46.82,46.9
97,17,2020-03-02T16:35:00Z,46.8,46.85,46.76,46.81
98,17,2020-03-02T16:34:00Z,46.86,46.88,46.77,46.8
99,17,2020-03-02T16:33:00Z,46.84,46.91,46.83,46.87
100,17,2020-03-02T16:32:00Z,46.87,46.89,46.78,46.85
101,17,2020-03-02T16:31:00Z,46.83,46.89,46.81,46.87
102,17,2020-03-02T16:30:00Z,46.69,46.83,46.65,46.83
103,17,2020-03-02T16:29:00Z,46.8,46.8,46.65,46.71
104,17,2020-03-02T16:28:00Z,46.73,46.83,46.73,46.8
105,17,2020-03-02T16:27:00Z,46.78,46.83,46.68,46.73
106,17,2020-03-02T16:26:00Z,46.85,46.88,46.73,46.78
107,17,2020-03-02T16:25:00Z,46.67,46.85,46.67,46.85
108,17,2020-03-02T16:24:00Z,46.75,46.79,46.67,46.67
109,17,2020-03-02T16:23:00Z,46.76,46.79,46.72,46.75
110,17,2020-03-02T16:22:00Z,46.68,46.76,46.65,46.76
111,17,2020-03-02T16:21:00Z,46.65,46.68,46.58,46.67
112,17,2020-03-02T16:20:00Z,46.56,46.64,46.56,46.63
113,17,2020-03-02T16:19:00Z,46.71,46.75,46.55,46.56
114,17,2020-03-02T16:18:00Z,46.59,46.78,46.59,46.72
115,17,2020-03-02T16:17:00Z,46.64,46.77,46.6,46.6
116,17,2020-03-02T16:16:00Z,46.67,46.71,46.62,46.65
117,17,2020-03-02T16:15:00Z,46.54,46.68,46.53,46.66
118,17,2020-03-02T16:14:00Z,46.47,46.56,46.43,46.53
119,17,2020-03-02T16:13:00Z,46.39,46.48,46.37,46.46
120,17,2020-03-02T16:12:00Z,46.43,46.49,46.35,46.39
121,17,2020-03-02T16:11:00Z,46.15,46.59,46.15,46.43
122,17,2020-03-02T16:10:00Z,46.06,46.13,46.02,46.11
123,17,2020-03-02T16:09:00Z,46.02,46.07,46.0,46.05
124,17,2020-03-02T16:08:00Z,46.1,46.13,46.01,46.02
125,17,2020-03-02T16:07:00Z,46.13,46.17,46.07,46.1
126,17,2020-03-02T16:06:00Z,46.23,46.24,46.11,46.13
127,17,2020-03-02T16:05:00Z,46.15,46.23,46.1,46.23
128,17,2020-03-02T16:04:00Z,46.21,46.21,46.15,46.15
129,17,2020-03-02T16:03:00Z,46.21,46.26,46.2,46.2
130,17,2020-03-02T16:02:00Z,46.26,46.28,46.18,46.2
131,17,2020-03-02T16:01:00Z,46.37,46.37,46.21,46.27
132,17,2020-03-02T16:00:00Z,46.29,46.39,46.28,46.36
133,17,2020-03-02T15:59:00Z,46.38,46.39,46.28,46.29
134,17,2020-03-02T15:58:00Z,46.32,46.38,46.3,46.36
135,17,2020-03-02T15:57:00Z,46.38,46.41,46.31,46.32
136,17,2020-03-02T15:56:00Z,46.38,46.43,46.28,46.38
137,17,2020-03-02T15:55:00Z,46.27,46.4,46.27,46.37
138,17,2020-03-02T15:54:00Z,46.23,46.3,46.23,46.28
139,17,2020-03-02T15:53:00Z,46.29,46.3,46.2,46.23
140,17,2020-03-02T15:52:00Z,46.25,46.28,46.23,46.28
141,17,2020-03-02T15:51:00Z,46.16,46.26,46.14,46.24
142,17,2020-03-02T15:50:00Z,46.16,46.19,46.13,46.16
143,17,2020-03-02T15:49:00Z,46.06,46.15,46.02,46.15
144,17,2020-03-02T15:48:00Z,45.98,46.08,45.98,46.06
145,17,2020-03-02T15:47:00Z,45.96,46.01,45.92,45.95
146,17,2020-03-02T15:46:00Z,45.99,46.0,45.9,45.96
147,17,2020-03-02T15:45:00Z,46.02,46.09,45.99,45.99
148,17,2020-03-02T15:44:00Z,45.91,46.05,45.91,46.03
149,17,2020-03-02T15:43:00Z,45.97,46.01,45.89,45.9
150,17,2020-03-02T15:42:00Z,45.89,45.99,45.89,45.94
151,17,2020-03-02T15:41:00Z,45.99,45.99,45.88,45.89
152,17,2020-03-02T15:40:00Z,46.05,46.07,45.97,45.97
153,17,2020-03-02T15:39:00Z,46.01,46.05,45.98,46.05
154,17,2020-03-02T15:38:00Z,45.96,46.02,45.92,46.01
155,17,2020-03-02T15:37:00Z,45.97,45.99,45.94,45.97
156,17,2020-03-02T15:36:00Z,45.81,45.98,45.81,45.96
157,17,2020-03-02T15:35:00Z,45.92,45.95,45.82,45.83
158,17,2020-03-02T15:34:00Z,45.94,46.01,45.92,45.92
159,17,2020-03-02T15:33:00Z,45.76,45.95,45.76,45.94
160,17,2020-03-02T15:32:00Z,45.84,45.85,45.77,45.77
161,17,2020-03-02T15:31:00Z,45.81,45.84,45.76,45.79
162,17,2020-03-02T15:30:00Z,45.9,45.98,45.81,45.81
163,17,2020-03-02T15:29:00Z,46.01,46.02,45.89,45.9
164,17,2020-03-02T15:28:00Z,45.98,46.03,45.98,46.01
165,17,2020-03-02T15:27:00Z,45.87,45.98,45.87,45.97
166,17,2020-03-02T15:26:00Z,45.97,45.97,45.86,45.86
167,17,2020-03-02T15:25:00Z,45.89,45.97,45.84,45.97
168,17,2020-03-02T15:24:00Z,45.77,45.91,45.77,45.91
169,17,2020-03-02T15:23:00Z,45.77,45.8,45.76,45.78
170,17,2020-03-02T15:22:00Z,45.81,45.82,45.76,45.77
171,17,2020-03-02T15:21:00Z,45.84,45.84,45.76,45.81
172,17,2020-03-02T15:20:00Z,45.93,45.94,45.85,45.85
173,17,2020-03-02T15:19:00Z,45.87,45.96,45.86,45.92
174,17,2020-03-02T15:18:00Z,45.81,45.87,45.77,45.86
175,17,2020-03-02T15:17:00Z,45.89,45.89,45.79,45.8
176,17,2020-03-02T15:16:00Z,45.95,45.96,45.78,45.87
177,17,2020-03-02T15:15:00Z,46.08,46.1,45.91,45.95
178,17,2020-03-02T15:14:00Z,45.98,46.06,45.95,46.05
179,17,2020-03-02T15:13:00Z,45.85,45.99,45.84,45.97
180,17,2020-03-02T15:12:00Z,45.86,45.86,45.82,45.85
181,17,2020-03-02T15:11:00Z,45.82,45.85,45.79,45.84
182,17,2020-03-02T15:10:00Z,45.79,45.86,45.79,45.82
183,17,2020-03-02T15:09:00Z,45.85,45.85,45.77,45.82
184,17,2020-03-02T15:08:00Z,45.73,45.88,45.71,45.85
185,17,2020-03-02T15:07:00Z,45.77,45.8,45.69,45.73
186,17,2020-03-02T15:06:00Z,45.84,45.86,45.74,45.77
187,17,2020-03-02T15:05:00Z,45.89,45.89,45.78,45.82
188,17,2020-03-02T15:04:00Z,45.92,45.94,45.85,45.89
189,17,2020-03-02T15:03:00Z,45.89,45.95,45.86,45.92
190,17,2020-03-02T15:02:00Z,45.8,45.96,45.78,45.89
191,17,2020-03-02T15:01:00Z,45.81,45.84,45.74,45.8
192,17,2020-03-02T15:00:00Z,45.84,45.89,45.79,45.81
193,17,2020-03-02T14:59:00Z,45.84,45.88,45.8,45.84
194,17,2020-03-02T14:58:00Z,45.89,45.9,45.82,45.84
195,17,2020-03-02T14:57:00Z,45.9,45.98,45.89,45.91
196,17,2020-03-02T14:56:00Z,45.89,45.96,45.84,45.89
197,17,2020-03-02T14:55:00Z,45.96,45.98,45.84,45.88
198,17,2020-03-02T14:54:00Z,45.88,45.99,45.87,45.97
199,17,2020-03-02T14:53:00Z,45.78,45.9,45.76,45.89
200,17,2020-03-02T14:52:00Z,45.78,45.81,45.74,45.78
201,17,2020-03-02T14:51:00Z,45.87,45.87,45.74,45.78
202,17,2020-03-02T14:50:00Z,45.86,45.89,45.81,45.87
203,17,2020-03-02T14:49:00Z,45.88,45.96,45.85,45.86
204,17,2020-03-02T14:48:00Z,46.01,46.01,45.89,45.89
205,17,2020-03-02T14:47:00Z,45.97,46.08,45.95,46.01
206,17,2020-03-02T14:46:00Z,45.97,46.0,45.92,45.96
207,17,2020-03-02T14:45:00Z,45.9,46.0,45.87,45.98
208,17,2020-03-02T14:44:00Z,45.9,45.91,45.86,45.9
209,17,2020-03-02T14:43:00Z,45.82,45.9,45.79,45.9
210,17,2020-03-02T14:42:00Z,45.83,45.87,45.77,45.82
211,17,2020-03-02T14:41:00Z,45.78,45.85,45.72,45.82
212,17,2020-03-02T14:40:00Z,45.71,45.81,45.65,45.77
213,17,2020-03-02T14:39:00Z,45.73,45.77,45.67,45.71
214,17,2020-03-02T14:38:00Z,45.68,45.73,45.61,45.72
215,17,2020-03-02T14:37:00Z,45.75,45.76,45.66,45.68
216,17,2020-03-02T14:36:00Z,45.81,45.84,45.72,45.75
217,17,2020-03-02T14:35:00Z,45.96,45.97,45.81,45.81
218,17,2020-03-02T14:34:00Z,46.09,46.09,45.94,45.97
219,17,2020-03-02T14:33:00Z,46.06,46.16,46.06,46.09
220,17,2020-03-02T14:32:00Z,46.14,46.17,46.05,46.06
221,17,2020-03-02T14:31:00Z,46.3,46.3,46.1,46.14
222,17,2020-03-02T14:30:00Z,46.27,46.3,46.21,46.28
223,17,2020-03-02T14:29:00Z,46.29,46.29,46.23,46.27
224,17,2020-03-02T14:28:00Z,46.25,46.34,46.25,46.29
225,17,2020-03-02T14:27:00Z,46.23,46.28,46.21,46.24
226,17,2020-03-02T14:26:00Z,46.13,46.25,46.11,46.25
227,17,2020-03-02T14:25:00Z,46.13,46.16,46.09,46.13
228,17,2020-03-02T14:24:00Z,46.04,46.13,46.04,46.13
229,17,2020-03-02T14:23:00Z,46.02,46.04,46.0,46.04
230,17,2020-03-02T14:22:00Z,46.01,46.02,45.96,46.02
231,17,2020-03-02T14:21:00Z,46.05,46.07,46.0,46.01
232,17,2020-03-02T14:20:00Z,46.05,46.09,46.04,46.06
233,17,2020-03-02T14:19:00Z,46.02,46.1,46.01,46.04
234,17,2020-03-02T14:18:00Z,45.95,46.02,45.95,46.0
235,17,2020-03-02T14:17:00Z,46.0,46.0,45.93,45.94
236,17,2020-03-02T14:16:00Z,46.06,46.06,45.93,45.99
237,17,2020-03-02T14:15:00Z,46.15,46.15,46.05,46.07
238,17,2020-03-02T14:14:00Z,46.07,46.16,46.07,46.15
239,17,2020-03-02T14:13:00Z,45.95,46.06,45.95,46.06
240,17,2020-03-02T14:12:00Z,45.89,45.97,45.89,45.96
241,17,2020-03-02T14:11:00Z,45.88,45.96,45.87,45.88
242,17,2020-03-02T14:10:00Z,45.9,45.97,45.86,45.88
243,17,2020-03-02T14:09:00Z,45.93,45.95,45.87,45.88
244,17,2020-03-02T14:08:00Z,45.95,45.99,45.92,45.93
245,17,2020-03-02T14:07:00Z,46.01,46.04,45.9,45.95
246,17,2020-03-02T14:06:00Z,45.95,46.08,45.95,46.05
247,17,2020-03-02T14:05:00Z,46.04,46.09,45.89,45.95
248,17,2020-03-02T14:04:00Z,45.98,46.07,45.96,46.04
249,17,2020-03-02T14:03:00Z,45.89,46.06,45.88,45.96
250,17,2020-03-02T14:02:00Z,46.06,46.06,45.85,45.9
251,17,2020-03-02T14:01:00Z,46.11,46.11,45.94,46.05
252,17,2020-03-02T14:00:00Z,46.09,46.16,46.03,46.1
253,17,2020-03-02T13:59:00Z,45.93,46.12,45.92,46.1
254,17,2020-03-02T13:58:00Z,45.93,45.95,45.89,45.93
255,17,2020-03-02T13:57:00Z,45.93,45.94,45.88,45.92
256,17,2020-03-02T13:56:00Z,45.88,45.93,45.86,45.93
257,17,2020-03-02T13:55:00Z,45.68,45.88,45.64,45.88
258,17,2020-03-02T13:54:00Z,45.67,45.69,45.63,45.69
259,17,2020-03-02T13:53:00Z,45.61,45.68,45.59,45.67
260,17,2020-03-02T13:52:00Z,45.69,45.7,45.6,45.61
261,17,2020-03-02T13:51:00Z,45.6,45.7,45.58,45.68
262,17,2020-03-02T13:50:00Z,45.63,45.63,45.58,45.6
263,17,2020-03-02T13:49:00Z,45.51,45.63,45.51,45.62
264,17,2020-03-02T13:48:00Z,45.47,45.53,45.45,45.5
265,17,2020-03-02T13:47:00Z,45.42,45.45,45.41,45.44
266,17,2020-03-02T13:46:00Z,45.46,45.48,45.41,45.42
267,17,2020-03-02T13:45:00Z,45.46,45.5,45.44,45.44
268,17,2020-03-02T13:44:00Z,45.55,45.55,45.48,45.49
269,17,2020-03-02T13:43:00Z,45.63,45.64,45.55,45.55
270,17,2020-03-02T13:42:00Z,45.68,45.71,45.65,45.66
271,17,2020-03-02T13:41:00Z,45.68,45.68,45.65,45.66
272,17,2020-03-02T13:40:00Z,45.69,45.69,45.61,45.67
273,17,2020-03-02T13:39:00Z,45.65,45.7,45.63,45.68
274,17,2020-03-02T13:38:00Z,45.62,45.67,45.61,45.65
275,17,2020-03-02T13:37:00Z,45.48,45.62,45.48,45.62
276,17,2020-03-02T13:36:00Z,45.5,45.51,45.44,45.44
277,17,2020-03-02T13:35:00Z,45.55,45.61,45.49,45.5
278,17,2020-03-02T13:34:00Z,45.49,45.59,45.49,45.55
279,17,2020-03-02T13:33:00Z,45.47,45.51,45.41,45.5
280,17,2020-03-02T13:32:00Z,45.44,45.47,45.43,45.46
281,17,2020-03-02T13:31:00Z,45.39,45.46,45.38,45.42
282,17,2020-03-02T13:30:00Z,45.5,45.5,45.4,45.4
283,17,2020-03-02T13:29:00Z,45.45,45.49,45.43,45.49
284,17,2020-03-02T13:28:00Z,45.46,45.48,45.43,45.46
285,17,2020-03-02T13:27:00Z,45.42,45.49,45.42,45.46
286,17,2020-03-02T13:26:00Z,45.38,45.43,45.35,45.42
287,17,2020-03-02T13:25:00Z,45.41,45.43,45.35,45.38
288,17,2020-03-02T13:24:00Z,45.41,45.42,45.38,45.4
289,17,2020-03-02T13:23:00Z,45.44,45.45,45.39,45.41
290,17,2020-03-02T13:22:00Z,45.51,45.52,45.42,45.44
291,17,2020-03-02T13:21:00Z,45.56,45.57,45.51,45.53
292,17,2020-03-02T13:20:00Z,45.66,45.67,45.56,45.58
293,17,2020-03-02T13:19:00Z,45.67,45.68,45.65,45.66
294,17,2020-03-02T13:18:00Z,45.72,45.74,45.68,45.69
295,17,2020-03-02T13:17:00Z,45.63,45.73,45.63,45.72
296,17,2020-03-02T13:16:00Z,45.62,45.66,45.59,45.62
297,17,2020-03-02T13:15:00Z,45.62,45.64,45.58,45.62
298,17,2020-03-02T13:14:00Z,45.56,45.63,45.54,45.62
299,17,2020-03-02T13:13:00Z,45.57,45.59,45.49,45.56
300,17,2020-03-02T13:12:00Z,45.51,45.57,45.5,45.57
301,17,2020-03-02T13:11:00Z,45.52,45.54,45.5,45.51
302,17,2020-03-02T13:10:00Z,45.56,45.56,45.48,45.51
303,17,2020-03-02T13:09:00Z,45.6,45.6,45.52,45.55
304,17,2020-03-02T13:08:00Z,45.56,45.62,45.55,45.59
305,17,2020-03-02T13:07:00Z,45.61,45.64,45.56,45.58
306,17,2020-03-02T13:06:00Z,45.6,45.63,45.59,45.6
307,17,2020-03-02T13:05:00Z,45.62,45.63,45.56,45.58
308,17,2020-03-02T13:04:00Z,45.57,45.63,45.55,45.62
309,17,2020-03-02T13:03:00Z,45.53,45.56,45.48,45.56
310,17,2020-03-02T13:02:00Z,45.5,45.55,45.5,45.53
311,17,2020-03-02T13:01:00Z,45.5,45.56,45.49,45.52
312,17,2020-03-02T13:00:00Z,45.65,45.65,45.5,45.52
313,17,2020-03-02T12:59:00Z,45.66,45.68,45.58,45.61
314,17,2020-03-02T12:58:00Z,45.58,45.65,45.55,45.65
315,17,2020-03-02T12:57:00Z,45.49,45.57,45.47,45.56
316,17,2020-03-02T12:56:00Z,45.49,45.53,45.48,45.51
317,17,2020-03-02T12:55:00Z,45.4,45.5,45.39,45.48
318,17,2020-03-02T12:54:00Z,45.35,45.39,45.35,45.38
319,17,2020-03-02T12:53:00Z,45.42,45.42,45.33,45.34
320,17,2020-03-02T12:52:00Z,45.49,45.51,45.44,45.44
321,17,2020-03-02T12:51:00Z,45.46,45.47,45.42,45.45
322,17,2020-03-02T12:50:00Z,45.41,45.47,45.41,45.46
323,17,2020-03-02T12:49:00Z,45.43,45.44,45.4,45.41
324,17,2020-03-02T12:48:00Z,45.42,45.44,45.41,45.42
325,17,2020-03-02T12:47:00Z,45.44,45.44,45.36,45.4
326,17,2020-03-02T12:46:00Z,45.41,45.5,45.41,45.44
327,17,2020-03-02T12:45:00Z,45.42,45.43,45.38,45.42
328,17,2020-03-02T12:44:00Z,45.43,45.46,45.41,45.42
329,17,2020-03-02T12:43:00Z,45.47,45.49,45.42,45.44
330,17,2020-03-02T12:42:00Z,45.4,45.49,45.4,45.47
331,17,2020-03-02T12:41:00Z,45.47,45.47,45.39,45.4
332,17,2020-03-02T12:40:00Z,45.39,45.5,45.39,45.47
333,17,2020-03-02T12:39:00Z,45.52,45.52,45.41,45.42
334,17,2020-03-02T12:38:00Z,45.51,45.54,45.5,45.52
335,17,2020-03-02T12:37:00Z,45.43,45.53,45.41,45.5
336,17,2020-03-02T12:36:00Z,45.37,45.43,45.35,45.43
337,17,2020-03-02T12:35:00Z,45.39,45.42,45.37,45.37
338,17,2020-03-02T12:34:00Z,45.41,45.46,45.39,45.39
339,17,2020-03-02T12:33:00Z,45.43,45.47,45.37,45.4
340,17,2020-03-02T12:32:00Z,45.4,45.44,45.36,45.43
341,17,2020-03-02T12:31:00Z,45.49,45.49,45.38,45.39
342,17,2020-03-02T12:30:00Z,45.52,45.53,45.47,45.49
343,17,2020-03-02T12:29:00Z,45.52,45.53,45.44,45.53
344,17,2020-03-02T12:28:00Z,45.46,45.52,45.43,45.51
345,17,2020-03-02T12:27:00Z,45.29,45.47,45.29,45.46
346,17,2020-03-02T12:26:00Z,45.22,45.33,45.18,45.29
347,17,2020-03-02T12:25:00Z,45.23,45.27,45.22,45.22
348,17,2020-03-02T12:24:00Z,45.16,45.22,45.16,45.22
349,17,2020-03-02T12:23:00Z,45.18,45.23,45.17,45.2
350,17,2020-03-02T12:22:00Z,45.16,45.23,45.14,45.19
351,17,2020-03-02T12:21:00Z,45.12,45.18,45.1,45.16
352,17,2020-03-02T12:20:00Z,45.13,45.13,45.05,45.09
353,17,2020-03-02T12:19:00Z,45.23,45.29,45.12,45.12
354,17,2020-03-02T12:18:00Z,45.18,45.23,45.18,45.21
355,17,2020-03-02T12:17:00Z,45.15,45.22,45.15,45.2
356,17,2020-03-02T12:16:00Z,45.16,45.2,45.13,45.16
357,17,2020-03-02T12:15:00Z,45.15,45.22,45.15,45.16
358,17,2020-03-02T12:14:00Z,45.09,45.21,45.06,45.15
359,17,2020-03-02T12:13:00Z,45.21,45.22,45.1,45.1
360,17,2020-03-02T12:12:00Z,45.16,45.26,45.16,45.22
361,17,2020-03-02T12:11:00Z,45.19,45.2,45.13,45.16
362,17,2020-03-02T12:10:00Z,45.17,45.2,45.16,45.18
363,17,2020-03-02T12:09:00Z,45.15,45.2,45.13,45.18
364,17,2020-03-02T12:08:00Z,45.19,45.22,45.14,45.15
365,17,2020-03-02T12:07:00Z,45.13,45.22,45.11,45.18
366,17,2020-03-02T12:06:00Z,45.08,45.15,45.07,45.12
367,17,2020-03-02T12:05:00Z,45.14,45.14,45.07,45.07
368,17,2020-03-02T12:04:00Z,45.22,45.22,45.12,45.13
369,17,2020-03-02T12:03:00Z,45.22,45.22,45.16,45.22
370,17,2020-03-02T12:02:00Z,45.1,45.24,45.09,45.22
371,17,2020-03-02T12:01:00Z,45.09,45.11,45.06,45.09
372,17,2020-03-02T12:00:00Z,44.99,45.14,44.99,45.12
373,17,2020-03-02T11:59:00Z,44.99,45.0,44.93,44.98
374,17,2020-03-02T11:58:00Z,45.1,45.1,44.96,44.98
375,17,2020-03-02T11:57:00Z,45.15,45.16,45.09,45.1
376,17,2020-03-02T11:56:00Z,45.21,45.22,45.14,45.16
377,17,2020-03-02T11:55:00Z,45.22,45.25,45.21,45.22
378,17,2020-03-02T11:54:00Z,45.22,45.24,45.21,45.22
379,17,2020-03-02T11:53:00Z,45.27,45.28,45.22,45.23
380,17,2020-03-02T11:52:00Z,45.31,45.31,45.23,45.26
381,17,2020-03-02T11:51:00Z,45.32,45.33,45.29,45.29
382,17,2020-03-02T11:50:00Z,45.35,45.36,45.28,45.29
383,17,2020-03-02T11:49:00Z,45.36,45.36,45.31,45.33
384,17,2020-03-02T11:48:00Z,45.38,45.39,45.35,45.36
385,17,2020-03-02T11:47:00Z,45.35,45.39,45.33,45.38
386,17,2020-03-02T11:46:00Z,45.31,45.41,45.31,45.37
387,17,2020-03-02T11:45:00Z,45.3,45.35,45.27,45.3
388,17,2020-03-02T11:44:00Z,45.29,45.35,45.28,45.33
389,17,2020-03-02T11:43:00Z,45.29,45.31,45.27,45.29
390,17,2020-03-02T11:42:00Z,45.37,45.39,45.28,45.3
391,17,2020-03-02T11:41:00Z,45.45,45.45,45.38,45.38
392,17,2020-03-02T11:40:00Z,45.47,45.47,45.39,45.44
393,17,2020-03-02T11:39:00Z,45.44,45.51,45.44,45.46
394,17,2020-03-02T11:38:00Z,45.43,45.47,45.41,45.44
395,17,2020-03-02T11:37:00Z,45.36,45.43,45.36,45.4
396,17,2020-03-02T11:36:00Z,45.36,45.39,45.34,45.37
397,17,2020-03-02T11:35:00Z,45.37,45.41,45.32,45.36
398,17,2020-03-02T11:34:00Z,45.34,45.42,45.34,45.37
399,17,2020-03-02T11:33:00Z,45.32,45.36,45.31,45.34
400,17,2020-03-02T11:32:00Z,45.36,45.39,45.32,45.32
401,17,2020-03-02T11:31:00Z,45.36,45.4,45.34,45.36
402,17,2020-03-02T11:30:00Z,45.33,45.41,45.33,45.36
403,17,2020-03-02T11:29:00Z,45.38,45.41,45.32,45.33
404,17,2020-03-02T11:28:00Z,45.4,45.43,45.36,45.38
405,17,2020-03-02T11:27:00Z,45.4,45.43,45.39,45.41
406,17,2020-03-02T11:26:00Z,45.43,45.45,45.38,45.4
407,17,2020-03-02T11:25:00Z,45.39,45.44,45.38,45.41
408,17,2020-03-02T11:24:00Z,45.32,45.39,45.32,45.38
409,17,2020-03-02T11:23:00Z,45.34,45.35,45.3,45.32
410,17,2020-03-02T11:22:00Z,45.38,45.38,45.32,45.34
411,17,2020-03-02T11:21:00Z,45.41,45.41,45.36,45.38
412,17,2020-03-02T11:20:00Z,45.45,45.48,45.41,45.41
413,17,2020-03-02T11:19:00Z,45.38,45.44,45.33,45.44
414,17,2020-03-02T11:18:00Z,45.26,45.36,45.26,45.35
415,17,2020-03-02T11:17:00Z,45.23,45.27,45.21,45.26
416,17,2020-03-02T11:16:00Z,45.2,45.23,45.2,45.22
417,17,2020-03-02T11:15:00Z,45.19,45.23,45.19,45.2
418,17,2020-03-02T11:14:00Z,45.24,45.26,45.19,45.2
419,17,2020-03-02T11:13:00Z,45.31,45.32,45.24,45.24
420,17,2020-03-02T11:12:00Z,45.3,45.34,45.3,45.33
421,17,2020-03-02T11:11:00Z,45.28,45.33,45.27,45.3
422,17,2020-03-02T11:10:00Z,45.31,45.34,45.27,45.28
423,17,2020-03-02T11:09:00Z,45.32,45.33,45.28,45.31
424,17,2020-03-02T11:08:00Z,45.25,45.34,45.25,45.32
425,17,2020-03-02T11:07:00Z,45.27,45.29,45.25,45.26
426,17,2020-03-02T11:06:00Z,45.26,45.28,45.22,45.26
427,17,2020-03-02T11:05:00Z,45.29,45.33,45.24,45.27
428,17,2020-03-02T11:04:00Z,45.32,45.33,45.27,45.3
429,17,2020-03-02T11:03:00Z,45.33,45.35,45.27,45.33
430,17,2020-03-02T11:02:00Z,45.39,45.41,45.32,45.33
431,17,2020-03-02T11:01:00Z,45.39,45.45,45.35,45.41
432,17,2020-03-02T11:00:00Z,45.41,45.42,45.37,45.39
433,17,2020-03-02T10:59:00Z,45.43,45.45,45.4,45.41
434,17,2020-03-02T10:58:00Z,45.46,45.51,45.42,45.44
435,17,2020-03-02T10:57:00Z,45.48,45.48,45.44,45.46
436,17,2020-03-02T10:56:00Z,45.49,45.5,45.46,45.49
437,17,2020-03-02T10:55:00Z,45.54,45.54,45.48,45.49
438,17,2020-03-02T10:54:00Z,45.46,45.56,45.46,45.55
439,17,2020-03-02T10:53:00Z,45.5,45.5,45.43,45.46
440,17,2020-03-02T10:52:00Z,45.49,45.55,45.49,45.5
441,17,2020-03-02T10:51:00Z,45.56,45.56,45.48,45.49
442,17,2020-03-02T10:50:00Z,45.61,45.62,45.56,45.56
443,17,2020-03-02T10:49:00Z,45.61,45.62,45.6,45.6
444,17,2020-03-02T10:48:00Z,45.64,45.64,45.58,45.58
445,17,2020-03-02T10:47:00Z,45.66,45.69,45.63,45.64
446,17,2020-03-02T10:46:00Z,45.57,45.66,45.55,45.66
447,17,2020-03-02T10:45:00Z,45.53,45.57,45.5,45.56
448,17,2020-03-02T10:44:00Z,45.51,45.54,45.49,45.53
449,17,2020-03-02T10:43:00Z,45.53,45.54,45.49,45.52
450,17,2020-03-02T10:42:00Z,45.57,45.57,45.49,45.54
451,17,2020-03-02T10:41:00Z,45.58,45.6,45.56,45.57
452,17,2020-03-02T10:40:00Z,45.67,45.67,45.6,45.61
453,17,2020-03-02T10:39:00Z,45.69,45.69,45.64,45.67
454,17,2020-03-02T10:38:00Z,45.69,45.69,45.66,45.69
455,17,2020-03-02T10:37:00Z,45.7,45.7,45.61,45.67
456,17,2020-03-02T10:36:00Z,45.66,45.7,45.65,45.7
457,17,2020-03-02T10:35:00Z,45.66,45.67,45.63,45.66
458,17,2020-03-02T10:34:00Z,45.67,45.67,45.65,45.67
459,17,2020-03-02T10:33:00Z,45.67,45.67,45.65,45.66
460,17,2020-03-02T10:32:00Z,45.61,45.67,45.6,45.66
461,17,2020-03-02T10:31:00Z,45.54,45.6,45.54,45.6
462,17,2020-03-02T10:30:00Z,45.53,45.59,45.52,45.55
463,17,2020-03-02T10:29:00Z,45.57,45.58,45.54,45.55
464,17,2020-03-02T10:28:00Z,45.54,45.57,45.52,45.57
465,17,2020-03-02T10:27:00Z,45.58,45.58,45.51,45.53
466,17,2020-03-02T10:26:00Z,45.52,45.55,45.49,45.55
467,17,2020-03-02T10:25:00Z,45.48,45.51,45.45,45.51
468,17,2020-03-02T10:24:00Z,45.55,45.57,45.47,45.47
469,17,2020-03-02T10:23:00Z,45.49,45.53,45.48,45.53
470,17,2020-03-02T10:22:00Z,45.52,45.53,45.47,45.49
471,17,2020-03-02T10:21:00Z,45.52,45.53,45.5,45.52
472,17,2020-03-02T10:20:00Z,45.56,45.58,45.54,45.54
473,17,2020-03-02T10:19:00Z,45.57,45.59,45.54,45.56
474,17,2020-03-02T10:18:00Z,45.59,45.62,45.54,45.56
475,17,2020-03-02T10:17:00Z,45.56,45.61,45.55,45.6
476,17,2020-03-02T10:16:00Z,45.52,45.57,45.52,45.55
477,17,2020-03-02T10:15:00Z,45.51,45.56,45.5,45.55
478,17,2020-03-02T10:14:00Z,45.51,45.51,45.46,45.49
479,17,2020-03-02T10:13:00Z,45.52,45.57,45.51,45.51
480,17,2020-03-02T10:12:00Z,45.56,45.56,45.5,45.52
481,17,2020-03-02T10:11:00Z,45.59,45.59,45.56,45.59
482,17,2020-03-02T10:10:00Z,45.6,45.61,45.56,45.59
483,17,2020-03-02T10:09:00Z,45.62,45.67,45.59,45.61
484,17,2020-03-02T10:08:00Z,45.65,45.66,45.62,45.63
485,17,2020-03-02T10:07:00Z,45.6,45.61,45.57,45.61
486,17,2020-03-02T10:06:00Z,45.64,45.65,45.59,45.59
487,17,2020-03-02T10:05:00Z,45.59,45.65,45.59,45.63
488,17,2020-03-02T10:04:00Z,45.6,45.61,45.56,45.59
489,17,2020-03-02T10:03:00Z,45.63,45.64,45.57,45.59
490,17,2020-03-02T10:02:00Z,45.62,45.64,45.57,45.64
491,17,2020-03-02T10:01:00Z,45.71,45.74,45.65,45.65
492,17,2020-03-02T10:00:00Z,45.75,45.78,45.68,45.71
493,17,2020-03-02T09:59:00Z,45.77,45.79,45.75,45.76
494,17,2020-03-02T09:58:00Z,45.72,45.76,45.71,45.75
495,17,2020-03-02T09:57:00Z,45.72,45.72,45.68,45.71
496,17,2020-03-02T09:56:00Z,45.73,45.73,45.7,45.72
497,17,2020-03-02T09:55:00Z,45.72,45.78,45.72,45.74
498,17,2020-03-02T09:54:00Z,45.73,45.77,45.71,45.72
499,17,2020-03-02T09:53:00Z,45.74,45.81,45.73,45.73
500,17,2020-03-02T09:52:00Z,45.73,45.76,45.71,45.75
501,17,2020-03-02T09:51:00Z,45.82,45.83,45.74,45.74
502,17,2020-03-02T09:50:00Z,45.86,45.86,45.81,45.83
503,17,2020-03-02T09:49:00Z,45.91,45.91,45.84,45.86
504,17,2020-03-02T09:48:00Z,45.86,45.92,45.86,45.9
505,17,2020-03-02T09:47:00Z,45.79,45.87,45.77,45.86
506,17,2020-03-02T09:46:00Z,45.72,45.83,45.72,45.8
507,17,2020-03-02T09:45:00Z,45.78,45.79,45.71,45.72
508,17,2020-03-02T09:44:00Z,45.86,45.86,45.77,45.79
509,17,2020-03-02T09:43:00Z,45.89,45.89,45.82,45.85
510,17,2020-03-02T09:42:00Z,45.95,45.96,45.88,45.88
511,17,2020-03-02T09:41:00Z,45.91,45.95,45.87,45.92
512,17,2020-03-02T09:40:00Z,45.98,45.99,45.92,45.93
513,17,2020-03-02T09:39:00Z,45.98,46.01,45.97,45.98
514,17,2020-03-02T09:38:00Z,45.99,46.05,45.98,46.01
515,17,2020-03-02T09:37:00Z,46.03,46.06,45.98,45.98
516,17,2020-03-02T09:36:00Z,46.0,46.06,46.0,46.05
517,17,2020-03-02T09:35:00Z,46.04,46.06,46.0,46.0
518,17,2020-03-02T09:34:00Z,46.07,46.11,46.07,46.08
519,17,2020-03-02T09:33:00Z,46.05,46.12,46.02,46.05
520,17,2020-03-02T09:32:00Z,46.07,46.08,46.02,46.05
521,17,2020-03-02T09:31:00Z,46.16,46.16,46.03,46.03
522,17,2020-03-02T09:30:00Z,46.12,46.2,46.12,46.17
523,17,2020-03-02T09:29:00Z,46.1,46.11,46.07,46.11
524,17,2020-03-02T09:28:00Z,46.09,46.11,46.07,46.09
525,17,2020-03-02T09:27:00Z,46.18,46.18,46.08,46.08
526,17,2020-03-02T09:26:00Z,46.17,46.19,46.14,46.18
527,17,2020-03-02T09:25:00Z,46.25,46.25,46.16,46.18
528,17,2020-03-02T09:24:00Z,46.3,46.3,46.27,46.28
529,17,2020-03-02T09:23:00Z,46.27,46.3,46.25,46.3
530,17,2020-03-02T09:22:00Z,46.19,46.28,46.19,46.26
531,17,2020-03-02T09:21:00Z,46.17,46.25,46.17,46.19
532,17,2020-03-02T09:20:00Z,46.08,46.19,46.08,46.18
533,17,2020-03-02T09:19:00Z,46.04,46.05,46.02,46.05
534,17,2020-03-02T09:18:00Z,45.98,46.04,45.96,46.03
535,17,2020-03-02T09:17:00Z,46.0,46.01,45.95,45.99
536,17,2020-03-02T09:16:00Z,46.0,46.02,45.98,46.0
537,17,2020-03-02T09:15:00Z,46.1,46.1,46.03,46.04
538,17,2020-03-02T09:14:00Z,46.09,46.13,46.07,46.1
539,17,2020-03-02T09:13:00Z,46.13,46.13,46.06,46.09
540,17,2020-03-02T09:12:00Z,46.17,46.19,46.12,46.12
541,17,2020-03-02T09:11:00Z,46.2,46.2,46.16,46.18
542,17,2020-03-02T09:10:00Z,46.12,46.21,46.12,46.2
543,17,2020-03-02T09:09:00Z,46.17,46.18,46.09,46.11
544,17,2020-03-02T09:08:00Z,46.24,46.25,46.14,46.17
545,17,2020-03-02T09:07:00Z,46.3,46.3,46.24,46.24
546,17,2020-03-02T09:06:00Z,46.32,46.33,46.29,46.3
547,17,2020-03-02T09:05:00Z,46.31,46.32,46.28,46.32
548,17,2020-03-02T09:04:00Z,46.29,46.3,46.27,46.3
549,17,2020-03-02T09:03:00Z,46.27,46.3,46.27,46.28
550,17,2020-03-02T09:02:00Z,46.22,46.27,46.21,46.25
551,17,2020-03-02T09:01:00Z,46.21,46.23,46.19,46.22
552,17,2020-03-02T09:00:00Z,46.28,46.28,46.21,46.21
553,17,2020-03-02T08:59:00Z,46.3,46.34,46.27,46.28
554,17,2020-03-02T08:58:00Z,46.32,46.36,46.28,46.29
555,17,2020-03-02T08:57:00Z,46.38,46.38,46.3,46.32
556,17,2020-03-02T08:56:00Z,46.35,46.38,46.34,46.38
557,17,2020-03-02T08:55:00Z,46.34,46.36,46.33,46.36
558,17,2020-03-02T08:54:00Z,46.35,46.35,46.31,46.35
559,17,2020-03-02T08:53:00Z,46.38,46.4,46.35,46.35
560,17,2020-03-02T08:52:00Z,46.38,46.38,46.33,46.38
561,17,2020-03-02T08:51:00Z,46.38,46.41,46.37,46.39
562,17,2020-03-02T08:50:00Z,46.36,46.4,46.34,46.37
563,17,2020-03-02T08:49:00Z,46.36,46.39,46.35,46.36
564,17,2020-03-02T08:48:00Z,46.39,46.39,46.34,46.37
565,17,2020-03-02T08:47:00Z,46.41,46.43,46.38,46.39
566,17,2020-03-02T08:46:00Z,46.44,46.44,46.36,46.39
567,17,2020-03-02T08:45:00Z,46.46,46.49,46.42,46.44
568,17,2020-03-02T08:44:00Z,46.45,46.48,46.42,46.46
569,17,2020-03-02T08:43:00Z,46.55,46.57,46.45,46.45
570,17,2020-03-02T08:42:00Z,46.53,46.59,46.5,46.56
571,17,2020-03-02T08:41:00Z,46.51,46.54,46.49,46.54
572,17,2020-03-02T08:40:00Z,46.48,46.52,46.46,46.52
573,17,2020-03-02T08:39:00Z,46.49,46.5,46.41,46.48
574,17,2020-03-02T08:38:00Z,46.5,46.52,46.47,46.5
575,17,2020-03-02T08:37:00Z,46.62,46.62,46.52,46.52
576,17,2020-03-02T08:36:00Z,46.59,46.61,46.55,46.61
577,17,2020-03-02T08:35:00Z,46.53,46.6,46.52,46.6
578,17,2020-03-02T08:34:00Z,46.5,46.53,46.46,46.53
579,17,2020-03-02T08:33:00Z,46.44,46.54,46.43,46.5
580,17,2020-03-02T08:32:00Z,46.41,46.46,46.4,46.44
581,17,2020-03-02T08:31:00Z,46.4,46.43,46.39,46.41
582,17,2020-03-02T08:30:00Z,46.43,46.44,46.37,46.41
583,17,2020-03-02T08:29:00Z,46.45,46.48,46.42,46.44
584,17,2020-03-02T08:28:00Z,46.43,46.48,46.42,46.45
585,17,2020-03-02T08:27:00Z,46.45,46.47,46.4,46.43
586,17,2020-03-02T08:26:00Z,46.41,46.48,46.4,46.46
587,17,2020-03-02T08:25:00Z,46.45,46.5,46.4,46.4
588,17,2020-03-02T08:24:00Z,46.57,46.57,46.47,46.47
589,17,2020-03-02T08:23:00Z,46.59,46.61,46.58,46.58
590,17,2020-03-02T08:22:00Z,46.59,46.61,46.56,46.58
591,17,2020-03-02T08:21:00Z,46.65,46.65,46.58,46.58
592,17,2020-03-02T08:20:00Z,46.62,46.65,46.58,46.64
593,17,2020-03-02T08:19:00Z,46.58,46.63,46.57,46.62
594,17,2020-03-02T08:18:00Z,46.58,46.62,46.54,46.58
595,17,2020-03-02T08:17:00Z,46.69,46.69,46.56,46.59
596,17,2020-03-02T08:16:00Z,46.76,46.76,46.68,46.7
597,17,2020-03-02T08:15:00Z,46.71,46.77,46.71,46.75
598,17,2020-03-02T08:14:00Z,46.72,46.74,46.69,46.7
599,17,2020-03-02T08:13:00Z,46.69,46.74,46.64,46.72
600,17,2020-03-02T08:12:00Z,46.71,46.73,46.65,46.7
601,17,2020-03-02T08:11:00Z,46.62,46.73,46.61,46.71
602,17,2020-03-02T08:10:00Z,46.68,46.68,46.62,46.62
603,17,2020-03-02T08:09:00Z,46.59,46.67,46.57,46.65
604,17,2020-03-02T08:08:00Z,46.45,46.62,46.45,46.58
605,17,2020-03-02T08:07:00Z,46.42,46.49,46.41,46.45
606,17,2020-03-02T08:06:00Z,46.49,46.5,46.39,46.42
607,17,2020-03-02T08:05:00Z,46.39,46.49,46.38,46.48
608,17,2020-03-02T08:04:00Z,46.4,46.41,46.32,46.4
609,17,2020-03-02T08:03:00Z,46.36,46.4,46.34,46.4
610,17,2020-03-02T08:02:00Z,46.32,46.37,46.32,46.37
611,17,2020-03-02T08:01:00Z,46.35,46.36,46.28,46.33
612,17,2020-03-02T08:00:00Z,46.36,46.38,46.3,46.35
613,17,2020-03-02T07:59:00Z,46.33,46.39,46.33,46.36
614,17,2020-03-02T07:58:00Z,46.36,46.37,46.32,46.33
615,17,2020-03-02T07:57:00Z,46.32,46.36,46.31,46.36
616,17,2020-03-02T07:56:00Z,46.34,46.36,46.32,46.32
617,17,2020-03-02T07:55:00Z,46.35,46.38,46.32,46.36
618,17,2020-03-02T07:54:00Z,46.34,46.36,46.32,46.35
619,17,2020-03-02T07:53:00Z,46.34,46.35,46.31,46.34
620,17,2020-03-02T07:52:00Z,46.34,46.36,46.33,46.33
621,17,2020-03-02T07:51:00Z,46.34,46.35,46.28,46.34
622,17,2020-03-02T07:50:00Z,46.22,46.34,46.2,46.34
623,17,2020-03-02T07:49:00Z,46.17,46.23,46.16,46.23
624,17,2020-03-02T07:48:00Z,46.19,46.19,46.09,46.17
625,17,2020-03-02T07:47:00Z,46.25,46.26,46.16,46.21
626,17,2020-03-02T07:46:00Z,46.16,46.32,46.16,46.25
627,17,2020-03-02T07:45:00Z,46.06,46.17,46.06,46.15
628,17,2020-03-02T07:44:00Z,46.01,46.04,46.01,46.04
629,17,2020-03-02T07:43:00Z,45.94,46.0,45.92,46.0
630,17,2020-03-02T07:42:00Z,45.87,45.94,45.87,45.94
631,17,2020-03-02T07:41:00Z,45.88,45.89,45.86,45.86
632,17,2020-03-02T07:40:00Z,45.91,45.92,45.87,45.88
633,17,2020-03-02T07:39:00Z,45.83,45.9,45.83,45.9
634,17,2020-03-02T07:38:00Z,45.88,45.89,45.84,45.84
635,17,2020-03-02T07:37:00Z,45.83,45.88,45.83,45.88
636,17,2020-03-02T07:36:00Z,45.87,45.9,45.86,45.87
637,17,2020-03-02T07:35:00Z,45.84,45.85,45.81,45.83
638,17,2020-03-02T07:34:00Z,45.83,45.85,45.81,45.84
639,17,2020-03-02T07:33:00Z,45.86,45.86,45.83,45.84
640,17,2020-03-02T07:32:00Z,45.8,45.85,45.8,45.85
641,17,2020-03-02T07:31:00Z,45.82,45.82,45.79,45.82
642,17,2020-03-02T07:30:00Z,45.84,45.86,45.8,45.81
643,17,2020-03-02T07:29:00Z,45.87,45.87,45.82,45.83
644,17,2020-03-02T07:28:00Z,45.82,45.85,45.81,45.84
645,17,2020-03-02T07:27:00Z,45.81,45.82,45.8,45.8
646,17,2020-03-02T07:26:00Z,45.85,45.85,45.8,45.81
647,17,2020-03-02T07:25:00Z,45.85,45.91,45.85,45.88
648,17,2020-03-02T07:24:00Z,45.82,45.87,45.82,45.85
649,17,2020-03-02T07:23:00Z,45.82,45.84,45.81,45.82
650,17,2020-03-02T07:22:00Z,45.85,45.85,45.79,45.82
651,17,2020-03-02T07:21:00Z,45.86,45.86,45.84,45.84
652,17,2020-03-02T07:20:00Z,45.85,45.89,45.84,45.86
653,17,2020-03-02T07:19:00Z,45.81,45.85,45.79,45.84
654,17,2020-03-02T07:18:00Z,45.85,45.87,45.81,45.81
655,17,2020-03-02T07:17:00Z,45.88,45.88,45.84,45.85
656,17,2020-03-02T07:16:00Z,45.96,45.97,45.89,45.9
657,17,2020-03-02T07:15:00Z,45.98,46.01,45.98,45.99
658,17,2020-03-02T07:14:00Z,45.98,46.01,45.98,45.99
659,17,2020-03-02T07:13:00Z,46.03,46.04,45.97,45.98
660,17,2020-03-02T07:12:00Z,46.04,46.05,46.01,46.03
661,17,2020-03-02T07:11:00Z,46.06,46.07,46.05,46.05
662,17,2020-03-02T07:10:00Z,46.04,46.07,46.03,46.04
663,17,2020-03-02T07:09:00Z,46.04,46.06,46.02,46.05
664,17,2020-03-02T07:08:00Z,46.06,46.06,46.04,46.05
665,17,2020-03-02T07:07:00Z,46.06,46.08,46.05,46.08
666,17,2020-03-02T07:06:00Z,46.0,46.05,46.0,46.05
667,17,2020-03-02T07:05:00Z,46.05,46.05,45.97,45.98
668,17,2020-03-02T07:04:00Z,46.03,46.06,46.03,46.04
669,17,2020-03-02T07:03:00Z,46.04,46.07,46.03,46.04
670,17,2020-03-02T07:02:00Z,46.01,46.05,46.0,46.04
671,17,2020-03-02T07:01:00Z,45.97,46.01,45.95,46.01
672,17,2020-03-02T07:00:00Z,45.99,45.99,45.94,45.97
673,17,2020-03-02T06:59:00Z,46.01,46.01,45.97,45.99
674,17,2020-03-02T06:58:00Z,45.99,46.02,45.98,46.01
675,17,2020-03-02T06:57:00Z,45.97,45.98,45.95,45.96
676,17,2020-03-02T06:56:00Z,45.95,45.99,45.95,45.98
677,17,2020-03-02T06:55:00Z,45.98,45.98,45.94,45.97
678,17,2020-03-02T06:54:00Z,46.04,46.04,45.98,45.98
679,17,2020-03-02T06:53:00Z,46.03,46.05,46.02,46.03
680,17,2020-03-02T06:52:00Z,46.02,46.03,46.0,46.02
681,17,2020-03-02T06:51:00Z,45.96,45.98,45.95,45.98
682,17,2020-03-02T06:50:00Z,45.97,45.99,45.95,45.97
683,17,2020-03-02T06:49:00Z,45.97,46.0,45.95,45.98
684,17,2020-03-02T06:48:00Z,46.01,46.01,45.95,45.98
685,17,2020-03-02T06:47:00Z,46.03,46.05,46.01,46.02
686,17,2020-03-02T06:46:00Z,46.08,46.09,46.04,46.04
687,17,2020-03-02T06:45:00Z,46.1,46.1,46.08,46.08
688,17,2020-03-02T06:44:00Z,46.09,46.1,46.07,46.09
689,17,2020-03-02T06:43:00Z,46.09,46.09,46.07,46.08
690,17,2020-03-02T06:42:00Z,46.06,46.09,46.06,46.08
691,17,2020-03-02T06:41:00Z,46.14,46.14,46.06,46.07
692,17,2020-03-02T06:40:00Z,46.15,46.17,46.14,46.15
693,17,2020-03-02T06:39:00Z,46.13,46.17,46.13,46.13
694,17,2020-03-02T06:38:00Z,46.11,46.15,46.11,46.13
695,17,2020-03-02T06:37:00Z,46.14,46.14,46.12,46.12
696,17,2020-03-02T06:36:00Z,46.13,46.14,46.11,46.12
697,17,2020-03-02T06:35:00Z,46.16,46.16,46.12,46.13
698,17,2020-03-02T06:34:00Z,46.16,46.19,46.16,46.18
699,17,2020-03-02T06:33:00Z,46.19,46.19,46.18,46.18
700,17,2020-03-02T06:32:00Z,46.21,46.21,46.18,46.18
701,17,2020-03-02T06:31:00Z,46.16,46.2,46.16,46.2
702,17,2020-03-02T06:30:00Z,46.17,46.17,46.13,46.14
703,17,2020-03-02T06:29:00Z,46.2,46.2,46.16,46.17
704,17,2020-03-02T06:28:00Z,46.21,46.24,46.21,46.23
705,17,2020-03-02T06:27:00Z,46.22,46.22,46.2,46.22
706,17,2020-03-02T06:26:00Z,46.17,46.21,46.17,46.2
707,17,2020-03-02T06:25:00Z,46.19,46.21,46.17,46.17
708,17,2020-03-02T06:24:00Z,46.18,46.19,46.18,46.19
709,17,2020-03-02T06:23:00Z,46.19,46.19,46.17,46.18
710,17,2020-03-02T06:22:00Z,46.22,46.22,46.18,46.21
711,17,2020-03-02T06:21:00Z,46.22,46.23,46.22,46.23
712,17,2020-03-02T06:20:00Z,46.23,46.23,46.22,46.23
713,17,2020-03-02T06:19:00Z,46.23,46.24,46.22,46.23
714,17,2020-03-02T06:18:00Z,46.21,46.23,46.21,46.22
715,17,2020-03-02T06:17:00Z,46.21,46.22,46.2,46.21
716,17,2020-03-02T06:16:00Z,46.22,46.23,46.19,46.2
717,17,2020-03-02T06:15:00Z,46.18,46.22,46.18,46.22
718,17,2020-03-02T06:14:00Z,46.14,46.2,46.14,46.18
719,17,2020-03-02T06:13:00Z,46.17,46.18,46.15,46.15
720,17,2020-03-02T06:12:00Z,46.19,46.19,46.16,46.17
721,17,2020-03-02T06:11:00Z,46.2,46.23,46.19,46.21
722,17,2020-03-02T06:10:00Z,46.16,46.19,46.15,46.18
723,17,2020-03-02T06:09:00Z,46.17,46.18,46.14,46.15
724,17,2020-03-02T06:08:00Z,46.2,46.2,46.17,46.17
725,17,2020-03-02T06:07:00Z,46.17,46.19,46.12,46.19
726,17,2020-03-02T06:06:00Z,46.19,46.22,46.17,46.19
727,17,2020-03-02T06:05:00Z,46.16,46.19,46.15,46.19
728,17,2020-03-02T06:04:00Z,46.21,46.21,46.13,46.16
729,17,2020-03-02T06:03:00Z,46.17,46.21,46.17,46.21
730,17,2020-03-02T06:02:00Z,46.19,46.19,46.13,46.16
731,17,2020-03-02T06:01:00Z,46.24,46.24,46.19,46.19
732,17,2020-03-02T06:00:00Z,46.24,46.24,46.19,46.21
733,17,2020-03-02T05:59:00Z,46.16,46.26,46.16,46.25
734,17,2020-03-02T05:58:00Z,46.17,46.17,46.16,46.17
735,17,2020-03-02T05:57:00Z,46.16,46.19,46.16,46.18
736,17,2020-03-02T05:56:00Z,46.16,46.17,46.16,46.17
737,17,2020-03-02T05:55:00Z,46.12,46.16,46.12,46.14
738,17,2020-03-02T05:54:00Z,46.14,46.14,46.1,46.11
739,17,2020-03-02T05:53:00Z,46.14,46.15,46.12,46.15
740,17,2020-03-02T05:52:00Z,46.11,46.17,46.11,46.15
741,17,2020-03-02T05:51:00Z,46.12,46.16,46.12,46.14
742,17,2020-03-02T05:50:00Z,46.14,46.15,46.12,46.13
743,17,2020-03-02T05:49:00Z,46.13,46.14,46.12,46.14
744,17,2020-03-02T05:48:00Z,46.07,46.09,46.07,46.09
745,17,2020-03-02T05:47:00Z,46.06,46.08,46.05,46.07
746,17,2020-03-02T05:46:00Z,46.04,46.07,46.04,46.06
747,17,2020-03-02T05:45:00Z,46.1,46.11,46.06,46.07
748,17,2020-03-02T05:44:00Z,46.06,46.08,46.06,46.08
749,17,2020-03-02T05:43:00Z,46.06,46.08,46.04,46.07
750,17,2020-03-02T05:42:00Z,46.09,46.09,46.05,46.07
751,17,2020-03-02T05:41:00Z,46.11,46.13,46.07,46.09
752,17,2020-03-02T05:40:00Z,46.1,46.11,46.09,46.1
753,17,2020-03-02T05:39:00Z,46.05,46.09,46.02,46.08
754,17,2020-03-02T05:38:00Z,46.08,46.08,46.03,46.04
755,17,2020-03-02T05:37:00Z,46.07,46.08,46.06,46.06
756,17,2020-03-02T05:36:00Z,46.08,46.08,46.04,46.06
757,17,2020-03-02T05:35:00Z,46.05,46.06,46.04,46.06
758,17,2020-03-02T05:34:00Z,46.01,46.05,46.01,46.05
759,17,2020-03-02T05:33:00Z,46.02,46.04,46.01,46.02
760,17,2020-03-02T05:32:00Z,46.07,46.08,46.03,46.04
761,17,2020-03-02T05:31:00Z,46.15,46.15,46.08,46.08
762,17,2020-03-02T05:30:00Z,46.14,46.17,46.12,46.16
763,17,2020-03-02T05:29:00Z,46.13,46.15,46.09,46.14
764,17,2020-03-02T05:28:00Z,46.17,46.17,46.16,46.17
765,17,2020-03-02T05:27:00Z,46.13,46.14,46.13,46.14
766,17,2020-03-02T05:26:00Z,46.13,46.13,46.12,46.13
767,17,2020-03-02T05:25:00Z,46.16,46.16,46.14,46.14
768,17,2020-03-02T05:24:00Z,46.15,46.17,46.15,46.16
769,17,2020-03-02T05:23:00Z,46.18,46.18,46.18,46.18
770,17,2020-03-02T05:22:00Z,46.16,46.18,46.15,46.18
771,17,2020-03-02T05:21:00Z,46.12,46.16,46.12,46.16
772,17,2020-03-02T05:20:00Z,46.12,46.13,46.09,46.12
773,17,2020-03-02T05:19:00Z,46.11,46.13,46.1,46.12
774,17,2020-03-02T05:18:00Z,46.11,46.12,46.1,46.11
775,17,2020-03-02T05:17:00Z,46.12,46.12,46.1,46.12
776,17,2020-03-02T05:16:00Z,46.08,46.09,46.08,46.09
777,17,2020-03-02T05:15:00Z,46.12,46.12,46.08,46.09
778,17,2020-03-02T05:14:00Z,46.11,46.12,46.09,46.11
779,17,2020-03-02T05:13:00Z,46.11,46.14,46.11,46.12
780,17,2020-03-02T05:12:00Z,46.12,46.13,46.1,46.11
781,17,2020-03-02T05:11:00Z,46.12,46.15,46.12,46.15
782,17,2020-03-02T05:10:00Z,46.1,46.11,46.09,46.1
783,17,2020-03-02T05:09:00Z,46.14,46.15,46.1,46.11
784,17,2020-03-02T05:08:00Z,46.16,46.17,46.13,46.13
785,17,2020-03-02T05:07:00Z,46.16,46.18,46.15,46.16
786,17,2020-03-02T05:06:00Z,46.21,46.21,46.16,46.16
787,17,2020-03-02T05:05:00Z,46.17,46.21,46.17,46.2
788,17,2020-03-02T05:04:00Z,46.21,46.21,46.15,46.17
789,17,2020-03-02T05:03:00Z,46.2,46.23,46.19,46.22
790,17,2020-03-02T05:02:00Z,46.16,46.17,46.15,46.17
791,17,2020-03-02T05:01:00Z,46.13,46.18,46.12,46.16
792,17,2020-03-02T05:00:00Z,46.14,46.16,46.13,46.14
793,17,2020-03-02T04:59:00Z,46.18,46.18,46.16,46.17
794,17,2020-03-02T04:58:00Z,46.19,46.2,46.17,46.18
795,17,2020-03-02T04:57:00Z,46.17,46.2,46.16,46.2
796,17,2020-03-02T04:56:00Z,46.15,46.2,46.15,46.17
797,17,2020-03-02T04:55:00Z,46.16,46.17,46.15,46.15
798,17,2020-03-02T04:54:00Z,46.13,46.16,46.13,46.16
799,17,2020-03-02T04:53:00Z,46.14,46.15,46.12,46.13
800,17,2020-03-02T04:52:00Z,46.21,46.21,46.17,46.18
801,17,2020-03-02T04:51:00Z,46.2,46.23,46.2,46.22
802,17,2020-03-02T04:50:00Z,46.17,46.21,46.17,46.21
803,17,2020-03-02T04:49:00Z,46.11,46.14,46.1,46.14
804,17,2020-03-02T04:48:00Z,46.09,46.11,46.09,46.11
805,17,2020-03-02T04:47:00Z,46.08,46.08,46.06,46.08
806,17,2020-03-02T04:46:00Z,46.08,46.11,46.08,46.09
807,17,2020-03-02T04:45:00Z,46.09,46.11,46.09,46.1
808,17,2020-03-02T04:44:00Z,46.16,46.16,46.12,46.12
809,17,2020-03-02T04:43:00Z,46.13,46.15,46.13,46.15
810,17,2020-03-02T04:42:00Z,46.17,46.17,46.14,46.15
811,17,2020-03-02T04:41:00Z,46.16,46.18,46.16,46.16
812,17,2020-03-02T04:40:00Z,46.13,46.18,46.13,46.17
813,17,2020-03-02T04:39:00Z,46.14,46.18,46.12,46.13
814,17,2020-03-02T04:38:00Z,46.1,46.12,46.09,46.11
815,17,2020-03-02T04:37:00Z,46.1,46.11,46.1,46.1
816,17,2020-03-02T04:36:00Z,46.15,46.16,46.11,46.11
817,17,2020-03-02T04:35:00Z,46.17,46.17,46.13,46.15
818,17,2020-03-02T04:34:00Z,46.19,46.21,46.18,46.21
819,17,2020-03-02T04:33:00Z,46.17,46.2,46.17,46.19
820,17,2020-03-02T04:32:00Z,46.13,46.15,46.12,46.14
821,17,2020-03-02T04:31:00Z,46.17,46.17,46.12,46.14
822,17,2020-03-02T04:30:00Z,46.19,46.21,46.16,46.17
823,17,2020-03-02T04:29:00Z,46.2,46.2,46.18,46.18
824,17,2020-03-02T04:28:00Z,46.2,46.21,46.16,46.19
825,17,2020-03-02T04:27:00Z,46.23,46.24,46.2,46.21
826,17,2020-03-02T04:26:00Z,46.22,46.24,46.22,46.23
827,17,2020-03-02T04:25:00Z,46.27,46.27,46.23,46.24
828,17,2020-03-02T04:24:00Z,46.25,46.3,46.25,46.3
829,17,2020-03-02T04:23:00Z,46.25,46.26,46.22,46.24
830,17,2020-03-02T04:22:00Z,46.22,46.28,46.21,46.26
831,17,2020-03-02T04:21:00Z,46.2,46.21,46.17,46.21
832,17,2020-03-02T04:20:00Z,46.21,46.21,46.19,46.2
833,17,2020-03-02T04:19:00Z,46.16,46.19,46.16,46.18
834,17,2020-03-02T04:18:00Z,46.17,46.18,46.15,46.18
835,17,2020-03-02T04:17:00Z,46.18,46.19,46.17,46.18
836,17,2020-03-02T04:16:00Z,46.19,46.22,46.18,46.2
837,17,2020-03-02T04:15:00Z,46.23,46.24,46.21,46.21
838,17,2020-03-02T04:14:00Z,46.21,46.23,46.21,46.23
839,17,2020-03-02T04:13:00Z,46.17,46.22,46.16,46.21
840,17,2020-03-02T04:12:00Z,46.17,46.17,46.15,46.15
841,17,2020-03-02T04:11:00Z,46.15,46.21,46.14,46.14
842,17,2020-03-02T04:10:00Z,46.15,46.17,46.13,46.16
843,17,2020-03-02T04:09:00Z,46.14,46.16,46.11,46.15
844,17,2020-03-02T04:08:00Z,46.16,46.2,46.15,46.18
845,17,2020-03-02T04:07:00Z,46.23,46.23,46.17,46.17
846,17,2020-03-02T04:06:00Z,46.23,46.23,46.21,46.22
847,17,2020-03-02T04:05:00Z,46.18,46.22,46.18,46.22
848,17,2020-03-02T04:04:00Z,46.17,46.19,46.15,46.18
849,17,2020-03-02T04:03:00Z,46.15,46.19,46.15,46.17
850,17,2020-03-02T04:02:00Z,46.14,46.16,46.13,46.13
851,17,2020-03-02T04:01:00Z,46.18,46.18,46.15,46.17
852,17,2020-03-02T04:00:00Z,46.22,46.22,46.17,46.18
853,17,2020-03-02T03:59:00Z,46.22,46.24,46.21,46.22
854,17,2020-03-02T03:58:00Z,46.2,46.21,46.18,46.2
855,17,2020-03-02T03:57:00Z,46.18,46.2,46.18,46.19
856,17,2020-03-02T03:56:00Z,46.22,46.22,46.17,46.18
857,17,2020-03-02T03:55:00Z,46.2,46.24,46.2,46.23
858,17,2020-03-02T03:54:00Z,46.24,46.25,46.21,46.22
859,17,2020-03-02T03:53:00Z,46.32,46.32,46.26,46.26
860,17,2020-03-02T03:52:00Z,46.3,46.33,46.3,46.31
861,17,2020-03-02T03:51:00Z,46.29,46.32,46.28,46.31
862,17,2020-03-02T03:50:00Z,46.27,46.31,46.26,46.29
863,17,2020-03-02T03:49:00Z,46.25,46.29,46.24,46.26
864,17,2020-03-02T03:48:00Z,46.23,46.26,46.21,46.26
865,17,2020-03-02T03:47:00Z,46.27,46.27,46.22,46.22
866,17,2020-03-02T03:46:00Z,46.23,46.26,46.21,46.24
867,17,2020-03-02T03:45:00Z,46.28,46.28,46.22,46.22
868,17,2020-03-02T03:44:00Z,46.29,46.29,46.26,46.26
869,17,2020-03-02T03:43:00Z,46.35,46.35,46.27,46.29
870,17,2020-03-02T03:42:00Z,46.37,46.39,46.34,46.35
871,17,2020-03-02T03:41:00Z,46.41,46.42,46.38,46.38
872,17,2020-03-02T03:40:00Z,46.37,46.41,46.36,46.4
873,17,2020-03-02T03:39:00Z,46.39,46.41,46.37,46.37
874,17,2020-03-02T03:38:00Z,46.42,46.42,46.39,46.39
875,17,2020-03-02T03:37:00Z,46.41,46.42,46.38,46.42
876,17,2020-03-02T03:36:00Z,46.41,46.42,46.36,46.41
877,17,2020-03-02T03:35:00Z,46.28,46.43,46.26,46.42
878,17,2020-03-02T03:34:00Z,46.23,46.27,46.23,46.27
879,17,2020-03-02T03:33:00Z,46.2,46.2,46.17,46.19
880,17,2020-03-02T03:32:00Z,46.22,46.22,46.2,46.21
881,17,2020-03-02T03:31:00Z,46.22,46.25,46.21,46.22
882,17,2020-03-02T03:30:00Z,46.28,46.29,46.24,46.24
883,17,2020-03-02T03:29:00Z,46.24,46.28,46.22,46.25
884,17,2020-03-02T03:28:00Z,46.2,46.24,46.2,46.23
885,17,2020-03-02T03:27:00Z,46.22,46.22,46.19,46.2
886,17,2020-03-02T03:26:00Z,46.21,46.24,46.2,46.23
887,17,2020-03-02T03:25:00Z,46.21,46.26,46.2,46.25
888,17,2020-03-02T03:24:00Z,46.22,46.22,46.19,46.21
889,17,2020-03-02T03:23:00Z,46.2,46.24,46.19,46.22
890,17,2020-03-02T03:22:00Z,46.17,46.2,46.17,46.19
891,17,2020-03-02T03:21:00Z,46.15,46.17,46.13,46.15
892,17,2020-03-02T03:20:00Z,46.2,46.2,46.14,46.15
893,17,2020-03-02T03:19:00Z,46.14,46.2,46.14,46.19
894,17,2020-03-02T03:18:00Z,46.13,46.17,46.11,46.16
895,17,2020-03-02T03:17:00Z,46.13,46.13,46.1,46.13
896,17,2020-03-02T03:16:00Z,46.14,46.17,46.11,46.12
897,17,2020-03-02T03:15:00Z,46.12,46.16,46.09,46.14
898,17,2020-03-02T03:14:00Z,46.19,46.2,46.13,46.14
899,17,2020-03-02T03:13:00Z,46.23,46.26,46.2,46.2
900,17,2020-03-02T03:12:00Z,46.24,46.26,46.22,46.24
901,17,2020-03-02T03:11:00Z,46.25,46.29,46.23,46.24
902,17,2020-03-02T03:10:00Z,46.31,46.32,46.24,46.25
903,17,2020-03-02T03:09:00Z,46.37,46.37,46.31,46.31
904,17,2020-03-02T03:08:00Z,46.35,46.36,46.33,46.35
905,17,2020-03-02T03:07:00Z,46.35,46.38,46.33,46.35
906,17,2020-03-02T03:06:00Z,46.49,46.49,46.33,46.37
907,17,2020-03-02T03:05:00Z,46.42,46.48,46.39,46.48
908,17,2020-03-02T03:04:00Z,46.45,46.45,46.36,46.41
909,17,2020-03-02T03:03:00Z,46.3,46.42,46.29,46.42
910,17,2020-03-02T03:02:00Z,46.4,46.43,46.32,46.33
911,17,2020-03-02T03:01:00Z,46.31,46.45,46.31,46.39
912,17,2020-03-02T03:00:00Z,46.23,46.35,46.23,46.33
913,17,2020-03-02T02:59:00Z,46.3,46.31,46.2,46.2
914,17,2020-03-02T02:58:00Z,46.21,46.28,46.19,46.28
915,17,2020-03-02T02:57:00Z,46.21,46.22,46.17,46.2
916,17,2020-03-02T02:56:00Z,46.31,46.32,46.24,46.24
917,17,2020-03-02T02:55:00Z,46.38,46.4,46.31,46.31
918,17,2020-03-02T02:54:00Z,46.26,46.4,46.25,46.37
919,17,2020-03-02T02:53:00Z,46.28,46.28,46.22,46.25
920,17,2020-03-02T02:52:00Z,46.22,46.3,46.21,46.27
921,17,2020-03-02T02:51:00Z,46.34,46.35,46.23,46.24
922,17,2020-03-02T02:50:00Z,46.41,46.41,46.33,46.33
923,17,2020-03-02T02:49:00Z,46.42,46.44,46.34,46.4
924,17,2020-03-02T02:48:00Z,46.32,46.44,46.29,46.42
925,17,2020-03-02T02:47:00Z,46.23,46.31,46.22,46.31
926,17,2020-03-02T02:46:00Z,46.22,46.25,46.18,46.23
927,17,2020-03-02T02:45:00Z,46.11,46.24,46.11,46.23
928,17,2020-03-02T02:44:00Z,46.22,46.22,46.11,46.12
929,17,2020-03-02T02:43:00Z,46.18,46.28,46.14,46.22
930,17,2020-03-02T02:42:00Z,46.14,46.2,46.12,46.19
931,17,2020-03-02T02:41:00Z,46.1,46.18,46.09,46.15
932,17,2020-03-02T02:40:00Z,46.14,46.19,46.07,46.1
933,17,2020-03-02T02:39:00Z,46.05,46.25,46.05,46.15
934,17,2020-03-02T02:38:00Z,45.94,46.05,45.91,46.05
935,17,2020-03-02T02:37:00Z,45.87,45.95,45.86,45.94
936,17,2020-03-02T02:36:00Z,45.87,45.88,45.83,45.86
937,17,2020-03-02T02:35:00Z,45.89,45.89,45.83,45.87
938,17,2020-03-02T02:34:00Z,45.89,45.92,45.83,45.87
939,17,2020-03-02T02:33:00Z,45.84,45.92,45.83,45.88
940,17,2020-03-02T02:32:00Z,45.83,45.86,45.79,45.83
941,17,2020-03-02T02:31:00Z,45.82,45.85,45.79,45.83
942,17,2020-03-02T02:30:00Z,45.77,45.82,45.75,45.82
943,17,2020-03-02T02:29:00Z,45.76,45.79,45.75,45.75
944,17,2020-03-02T02:28:00Z,45.79,45.86,45.76,45.76
945,17,2020-03-02T02:27:00Z,45.92,45.92,45.75,45.78
946,17,2020-03-02T02:26:00Z,45.68,45.9,45.68,45.89
947,17,2020-03-02T02:25:00Z,45.72,45.73,45.67,45.69
948,17,2020-03-02T02:24:00Z,45.53,45.8,45.51,45.72
949,17,2020-03-02T02:23:00Z,45.47,45.52,45.47,45.52
950,17,2020-03-02T02:22:00Z,45.5,45.5,45.47,45.47
951,17,2020-03-02T02:21:00Z,45.49,45.49,45.45,45.48
952,17,2020-03-02T02:20:00Z,45.52,45.54,45.47,45.5
953,17,2020-03-02T02:19:00Z,45.53,45.53,45.51,45.53
954,17,2020-03-02T02:18:00Z,45.49,45.55,45.48,45.54
955,17,2020-03-02T02:17:00Z,45.44,45.49,45.44,45.48
956,17,2020-03-02T02:16:00Z,45.48,45.48,45.45,45.46
957,17,2020-03-02T02:15:00Z,45.44,45.5,45.43,45.47
958,17,2020-03-02T02:14:00Z,45.49,45.49,45.44,45.44
959,17,2020-03-02T02:13:00Z,45.4,45.5,45.38,45.49
960,17,2020-03-02T02:12:00Z,45.41,45.41,45.36,45.4
961,17,2020-03-02T02:11:00Z,45.38,45.42,45.37,45.39
962,17,2020-03-02T02:10:00Z,45.4,45.41,45.36,45.37
963,17,2020-03-02T02:09:00Z,45.4,45.43,45.37,45.4
964,17,2020-03-02T02:08:00Z,45.39,45.39,45.36,45.38
965,17,2020-03-02T02:07:00Z,45.36,45.4,45.33,45.38
966,17,2020-03-02T02:06:00Z,45.37,45.39,45.35,45.37
967,17,2020-03-02T02:05:00Z,45.34,45.4,45.34,45.39
968,17,2020-03-02T02:04:00Z,45.32,45.37,45.3,45.35
969,17,2020-03-02T02:03:00Z,45.28,45.34,45.27,45.33
970,17,2020-03-02T02:02:00Z,45.19,45.28,45.16,45.28
971,17,2020-03-02T02:01:00Z,45.24,45.25,45.19,45.19
972,17,2020-03-02T02:00:00Z,45.21,45.26,45.19,45.24
973,17,2020-03-02T01:59:00Z,45.23,45.25,45.18,45.2
974,17,2020-03-02T01:58:00Z,45.27,45.28,45.17,45.21
975,17,2020-03-02T01:57:00Z,45.26,45.34,45.23,45.32
976,17,2020-03-02T01:56:00Z,45.3,45.3,45.26,45.26
977,17,2020-03-02T01:55:00Z,45.35,45.4,45.28,45.29
978,17,2020-03-02T01:54:00Z,45.41,45.43,45.34,45.37
979,17,2020-03-02T01:53:00Z,45.42,45.43,45.38,45.41
980,17,2020-03-02T01:52:00Z,45.38,45.43,45.36,45.42
981,17,2020-03-02T01:51:00Z,45.36,45.38,45.35,45.35
982,17,2020-03-02T01:50:00Z,45.33,45.36,45.3,45.34
983,17,2020-03-02T01:49:00Z,45.38,45.39,45.32,45.33
984,17,2020-03-02T01:48:00Z,45.35,45.44,45.35,45.38
985,17,2020-03-02T01:47:00Z,45.35,45.38,45.33,45.37
986,17,2020-03-02T01:46:00Z,45.39,45.39,45.34,45.36
987,17,2020-03-02T01:45:00Z,45.41,45.43,45.35,45.38
988,17,2020-03-02T01:44:00Z,45.46,45.48,45.41,45.42
989,17,2020-03-02T01:43:00Z,45.44,45.48,45.42,45.48
990,17,2020-03-02T01:42:00Z,45.48,45.49,45.45,45.46
991,17,2020-03-02T01:41:00Z,45.4,45.48,45.4,45.47
992,17,2020-03-02T01:40:00Z,45.39,45.46,45.38,45.39
993,17,2020-03-02T01:39:00Z,45.34,45.42,45.34,45.4
994,17,2020-03-02T01:38:00Z,45.37,45.44,45.34,45.35
995,17,2020-03-02T01:37:00Z,45.32,45.38,45.32,45.36
996,17,2020-03-02T01:36:00Z,45.42,45.43,45.3,45.31
997,17,2020-03-02T01:35:00Z,45.44,45.46,45.36,45.41
998,17,2020-03-02T01:34:00Z,45.43,45.47,45.35,45.47
999,17,2020-03-02T01:33:00Z,45.51,45.51,45.37,45.43
